ID,CVE,year,month,spl_type,date,bug,link,Type,Severity,vul_true,component,devices,NVD_descriptions,android_versions,NVD_published,NVD_last_modified,cwe,NVD_version,attack_vector,attack_complexity,privileges_required,user_interaction,confidentiality_impact,integrity_impact,availability_impact,base_score,base_severity,cwe_info,Date,earliest_version,latest_version
96,CVE-2023-4622,2024,5,5/5/24,,"A-299123598,","https://android.googlesource.com/kernel/common/+/e6ed59127c865"" rel=""noreferrer,https://android.googlesource.com/kernel/common/+/790c2f9d15b59"" rel=""noreferrer,https://android.googlesource.com/kernel/common/+/84d3e59750bbd"" rel=""noreferrer,https://android.googlesource.com/kernel/common/+/d39fc9b94dc07"" rel=""noreferrer",EoP,High,,Unix,,"A use-after-free vulnerability in the Linux kernel's af_unix component can be exploited to achieve local privilege escalation.

The unix_stream_sendpage() function tries to add data to the last skb in the peer's recv queue without locking the queue. Thus there is a race where unix_stream_sendpage() could access an skb locklessly that is being released by garbage collection, resulting in use-after-free.

We recommend upgrading past commit 790c2f9d15b594350ae9bca7b236f2b1859de02c.

",,2023-09-06T14:15:12.193,2024-01-11T19:15:12.097,CWE-416,cvssMetricV31,LOCAL,HIGH,LOW,NONE,HIGH,HIGH,HIGH,7.0,HIGH,Use After Free,2024-05-01,,
96,CVE-2023-4622,2024,5,5/5/24,,"A-299123598,","https://android.googlesource.com/kernel/common/+/e6ed59127c865"" rel=""noreferrer,https://android.googlesource.com/kernel/common/+/790c2f9d15b59"" rel=""noreferrer,https://android.googlesource.com/kernel/common/+/84d3e59750bbd"" rel=""noreferrer,https://android.googlesource.com/kernel/common/+/d39fc9b94dc07"" rel=""noreferrer",EoP,High,,Unix,,"A use-after-free vulnerability in the Linux kernel's af_unix component can be exploited to achieve local privilege escalation.

The unix_stream_sendpage() function tries to add data to the last skb in the peer's recv queue without locking the queue. Thus there is a race where unix_stream_sendpage() could access an skb locklessly that is being released by garbage collection, resulting in use-after-free.

We recommend upgrading past commit 790c2f9d15b594350ae9bca7b236f2b1859de02c.

",,2023-09-06T14:15:12.193,2024-01-11T19:15:12.097,CWE-416,cvssMetricV31,LOCAL,HIGH,LOW,NONE,HIGH,HIGH,HIGH,7.0,HIGH,Use After Free,2024-05-01,,
97,CVE-2023-6363,2024,5,5/5/24,,A-303632069,,,High,,Mali,,"Use After Free vulnerability in Arm Ltd Valhall GPU Kernel Driver, Arm Ltd Arm 5th Gen GPU Architecture Kernel Driver allows a local non-privileged user to make improper GPU memory processing operations. If the system’s memory is carefully prepared by the user, then this in turn could give them access to already freed memory.
This issue affects Valhall GPU Kernel Driver: from r41p0 through r47p0; Arm 5th Gen GPU Architecture Kernel Driver: from r41p0 through r47p0.

",,2024-05-03T14:15:10.730,2024-05-03T14:17:53.690,CWE-416,,,,,,,,,,,Use After Free,2024-05-01,,
98,CVE-2024-1067,2024,5,5/5/24,,A-329506905,,,High,,Mali,,"Use After Free vulnerability in Arm Ltd Bifrost GPU Kernel Driver, Arm Ltd Valhall GPU Kernel Driver, Arm Ltd Arm 5th Gen GPU Architecture Kernel Driver allows a local non-privileged user to make improper GPU memory processing operations. On Armv8.0 cores, there are certain combinations of the Linux Kernel and Mali GPU kernel driver configurations that would allow the GPU operations to affect the userspace memory of other processes.
This issue affects Bifrost GPU Kernel Driver: from r41p0 through r47p0; Valhall GPU Kernel Driver: from r41p0 through r47p0; Arm 5th Gen GPU Architecture Kernel Driver: from r41p0 through r47p0.

",8.0,2024-05-03T14:15:10.813,2024-05-03T14:17:53.690,CWE-416,,,,,,,,,,,Use After Free,2024-05-01,,
99,CVE-2024-1395,2024,5,5/5/24,,A-329506991,,,High,,Mali,,"Use After Free vulnerability in Arm Ltd Arm 5th Gen GPU Architecture Kernel Driver allows a local non-privileged user to make improper GPU memory processing operations. If the system’s memory is carefully prepared by the user, then this in turn could give them access to already freed memory.
This issue affects Arm 5th Gen GPU Architecture Kernel Driver: from r41p0 through r47p0.

",,2024-05-03T14:15:10.883,2024-05-03T14:17:53.690,CWE-416,,,,,,,,,,,Use After Free,2024-05-01,,
100,CVE-2023-32871,2024,5,5/5/24,,"A-309364193,M-ALPS08355514",,,High,,DA,,"In DA, there is a possible permission bypass due to an incorrect status check. This could lead to local escalation of privilege with no additional execution privileges needed. User interaction is not needed for exploitation. Patch ID: ALPS08355514; Issue ID: ALPS08355514.",,2024-05-06T03:15:09.273,2024-05-06T12:44:56.377,CWE-391,,,,,,,,,,,Unchecked Error Condition,2024-05-01,,
101,CVE-2023-32873,2024,5,5/5/24,,"A-327972597,M-ALPS08583919",,,High,,keyInstall,,"In keyInstall, there is a possible out of bounds write due to a missing bounds check. This could lead to local escalation of privilege with System execution privileges needed. User interaction is not needed for exploitation. Patch ID: ALPS08583919; Issue ID: ALPS08304227.",,2024-05-06T03:15:09.387,2024-05-06T12:44:56.377,CWE-787,,,,,,,,,,,Out-of-bounds Write,2024-05-01,,
102,CVE-2024-20056,2024,5,5/5/24,,"A-327973818,M-ALPS08528185",,,High,,preloader,,"In preloader, there is a possible escalation of privilege due to an insecure default value. This could lead to local escalation of privilege with System execution privileges needed. User interaction is not needed for exploitation. Patch ID: ALPS08528185; Issue ID: ALPS08528185.",,2024-05-06T03:15:09.563,2024-05-06T12:44:56.377,CWE-20,,,,,,,,,,,Improper Input Validation,2024-05-01,,
103,CVE-2024-20057,2024,5,5/5/24,,"A-327973819,M-ALPS08587881",,,High,,keyInstall,,"In keyInstall, there is a possible out of bounds write due to a missing bounds check. This could lead to local escalation of privilege with System execution privileges needed. User interaction is not needed for exploitation. Patch ID: ALPS08587881; Issue ID: ALPS08587881.",,2024-05-06T03:15:09.640,2024-05-06T12:44:56.377,CWE-787,,,,,,,,,,,Out-of-bounds Write,2024-05-01,,
104,CVE-2024-21471,2024,5,5/5/24,,"A-318393843,,QC-CR#3621168","https://git.codelinaro.org/clo/la/platform/vendor/qcom/opensource/graphics-kernel/-/commit/809ee24fe5607ecc72e9cde737410ad94264ff91"" rel=""noreferrer",,High,,Display,,Memory corruption when IOMMU unmap of a GPU buffer fails in Linux.,,2024-05-06T15:15:21.580,2024-05-06T16:00:59.253,CWE-416,cvssMetricV31,LOCAL,LOW,NONE,NONE,HIGH,HIGH,HIGH,8.4,HIGH,Use After Free,2024-05-01,,
105,CVE-2024-21475,2024,5,5/5/24,,"A-323919078,,QC-CR#3530093","https://git.codelinaro.org/clo/la/kernel/msm-4.14/-/commit/bdb176c8afd933f26a135aba4d4a0384fb13d156"" rel=""noreferrer",,High,,Video,,Memory corruption when the payload received from firmware is not as per the expected protocol size.,,2024-05-06T15:15:21.953,2024-05-06T16:00:59.253,CWE-823,cvssMetricV31,LOCAL,LOW,LOW,NONE,HIGH,HIGH,HIGH,7.8,HIGH,Use of Out-of-range Pointer Offset,2024-05-01,,
106,CVE-2024-23351,2024,5,5/5/24,,"A-323918714,,QC-CR#3650447","https://git.codelinaro.org/clo/la/platform/vendor/qcom/opensource/graphics-kernel/-/commit/d7c818d1695cac10489ef1fe28e0d38c602656d9"" rel=""noreferrer,https://git.codelinaro.org/clo/la/kernel/msm-5.10/-/commit/eb7e4fadc904c8134e7d4fc17cae1d2be3ac6368"" rel=""noreferrer",,High,,Display,,Memory corruption as GPU registers beyond the last protected range can be accessed through LPAC submissions.,,2024-05-06T15:15:22.740,2024-05-06T16:00:59.253,CWE-284,cvssMetricV31,LOCAL,LOW,NONE,NONE,HIGH,HIGH,HIGH,8.4,HIGH,Improper Access Control,2024-05-01,,
107,CVE-2024-23354,2024,5,5/5/24,,"A-323919320,,QC-CR#3636888","https://git.codelinaro.org/clo/la/platform/vendor/qcom/opensource/graphics-kernel/-/commit/88eb3006d32f72c53039fd37ea45926dee08882b"" rel=""noreferrer,https://git.codelinaro.org/clo/la/kernel/msm-5.10/-/commit/82893dced668bdb3a982dbc8d39699d2c6797057"" rel=""noreferrer",,High,,Display,,Memory corruption when the IOCTL call is interrupted by a signal.,,2024-05-06T15:15:22.943,2024-05-06T16:00:59.253,CWE-416,cvssMetricV31,LOCAL,LOW,NONE,NONE,HIGH,HIGH,HIGH,8.4,HIGH,Use After Free,2024-05-01,,
108,CVE-2023-33119,2024,5,5/5/24,,A-309461253,,,High,,Closed-source component,,Memory corruption while loading a VM from a signed VM image that is not coherent in the processor cache.,,2024-05-06T15:15:19.680,2024-05-06T16:00:59.253,CWE-367,cvssMetricV31,LOCAL,LOW,NONE,NONE,HIGH,HIGH,HIGH,8.4,HIGH,Time-of-check Time-of-use (TOCTOU) Race Condition,2024-05-01,,
109,CVE-2023-43529,2024,5,5/5/24,,A-309460466,,,High,,Closed-source component,,"Transient DOS while processing IKEv2 Informational request messages, when a malformed fragment packet is received.",,2024-05-06T15:15:20.990,2024-05-06T16:00:59.253,CWE-617,cvssMetricV31,NETWORK,LOW,NONE,NONE,NONE,NONE,HIGH,7.5,HIGH,Reachable Assertion,2024-05-01,,
110,CVE-2023-43530,2024,5,5/5/24,,A-309461471,,,High,,Closed-source component,,Memory corruption in HLOS while checking for the storage type.,,2024-05-06T15:15:21.197,2024-05-06T16:00:59.253,CWE-190,cvssMetricV31,LOCAL,LOW,NONE,NONE,LOW,LOW,LOW,5.9,MEDIUM,Integer Overflow or Wraparound,2024-05-01,,
111,CVE-2023-43531,2024,5,5/5/24,,A-309461198,,,High,,Closed-source component,,Memory corruption while verifying the serialized header when the key pairs are generated.,,2024-05-06T15:15:21.387,2024-05-06T16:00:59.253,CWE-824,cvssMetricV31,LOCAL,LOW,NONE,NONE,HIGH,HIGH,HIGH,8.4,HIGH,Access of Uninitialized Pointer,2024-05-01,,
112,CVE-2024-21477,2024,5,5/5/24,,A-323918871,,,High,,Closed-source component,,Transient DOS while parsing a protected 802.11az Fine Time Measurement (FTM) frame.,802.11,2024-05-06T15:15:22.353,2024-05-06T16:00:59.253,CWE-126,cvssMetricV31,NETWORK,LOW,NONE,NONE,NONE,NONE,HIGH,7.5,HIGH,Buffer Over-read,2024-05-01,,
113,CVE-2024-21480,2024,5,5/5/24,,A-323918475,,,High,,Closed-source component,,Memory corruption while playing audio file having large-sized input buffer.,,2024-05-06T15:15:22.543,2024-05-06T16:00:59.253,CWE-120,cvssMetricV31,NETWORK,LOW,NONE,NONE,LOW,LOW,LOW,7.3,HIGH,Buffer Copy without Checking Size of Input ('Classic Buffer Overflow'),2024-05-01,,
2174,CVE-2023-0266,2023,5,5/5/23,,"A-265303544,","https://android.googlesource.com/kernel/common/+/cc6c5c7fa237f65b08b9618188efe4b24b9cd886"" rel=""noreferrer",EoP,Moderate,,Kernel,,"A use after free vulnerability exists in the ALSA PCM package in the Linux Kernel. SNDRV_CTL_IOCTL_ELEM_{READ|WRITE}32 is missing locks that can be used in a use-after-free that can result in a priviledge escalation to gain ring0 access from the system user. We recommend upgrading past commit 56b88b50565cd8b946a2d00b0c83927b7ebb055e
",,2023-01-30T14:15:10.500,2023-08-29T17:59:37.930,CWE-416,cvssMetricV31,LOCAL,LOW,LOW,NONE,HIGH,HIGH,HIGH,7.8,HIGH,Use After Free,2023-05-01,,
2174,CVE-2023-0266,2023,5,5/5/23,,"A-265303544,","https://android.googlesource.com/kernel/common/+/cc6c5c7fa237f65b08b9618188efe4b24b9cd886"" rel=""noreferrer",EoP,Moderate,,Kernel,,"A use after free vulnerability exists in the ALSA PCM package in the Linux Kernel. SNDRV_CTL_IOCTL_ELEM_{READ|WRITE}32 is missing locks that can be used in a use-after-free that can result in a priviledge escalation to gain ring0 access from the system user. We recommend upgrading past commit 56b88b50565cd8b946a2d00b0c83927b7ebb055e
",,2023-01-30T14:15:10.500,2023-08-29T17:59:37.930,CWE-416,cvssMetricV31,LOCAL,LOW,LOW,NONE,HIGH,HIGH,HIGH,7.8,HIGH,Use After Free,2023-05-01,,
2364,CVE-2022-27405,2023,7,7/1/23,,A-271680254,"https://android.googlesource.com/platform/external/freetype/+/d45f0e49ab54065eb72d92aa3cc5f2152b0910b7"" rel=""noreferrer",ID,High,"11, 12, 12L, 13",,,FreeType commit 53dfdcd8198d2b3201a23c4bad9190519ba918db was discovered to contain a segmentation violation via the function FNT_Size_Request.,,2022-04-22T14:15:09.483,2024-02-29T01:34:23.723,CWE-125,cvssMetricV31,NETWORK,LOW,NONE,NONE,NONE,NONE,HIGH,7.5,HIGH,Out-of-bounds Read,2023-07-01,11,13
2365,CVE-2022-27406,2023,7,7/1/23,,A-271680254,"https://android.googlesource.com/platform/external/freetype/+/d45f0e49ab54065eb72d92aa3cc5f2152b0910b7"" rel=""noreferrer",ID,High,"11, 12, 12L, 13",,,FreeType commit 22a0cccb4d9d002f33c1ba7a4b36812c7d4f46b5 was discovered to contain a segmentation violation via the function FT_Request_Size.,,2022-04-22T14:15:09.537,2024-02-29T01:34:23.797,CWE-125,cvssMetricV31,NETWORK,LOW,NONE,NONE,NONE,NONE,HIGH,7.5,HIGH,Out-of-bounds Read,2023-07-01,11,13
2603,CVE-2022-20456,2023,1,1/1/23,,A-242703780,"https://android.googlesource.com/platform/frameworks/base/+/de172ba0d434c940be9e2aad8685719731ab7da2"" rel=""noreferrer",EoP,High,"10, 11, 12, 12L, 13",,,"In AutomaticZenRule of AutomaticZenRule.java, there is a possible failure to persist permissions settings due to resource exhaustion. This could lead to local escalation of privilege with no additional execution privileges needed. User interaction is not needed for exploitation.Product: AndroidVersions: Android-10 Android-11 Android-12 Android-12L Android-13Android ID: A-242703780","Android-10, Android-11, Android-12, Android-12, Android-13",2023-01-26T21:15:26.693,2023-02-01T15:19:56.997,CWE-770,cvssMetricV31,LOCAL,LOW,LOW,NONE,HIGH,HIGH,HIGH,7.8,HIGH,Allocation of Resources Without Limits or Throttling,2023-01-01,10,13
2701,CVE-2022-40529,2023,6,6/5/23,,A-261470065,,,Critical,,Closed-source component,,Memory corruption due to improper access control in kernel while processing a mapping request from root process.,,2023-06-06T08:15:11.520,2024-04-12T17:16:36.167,CWE-863,cvssMetricV31,LOCAL,LOW,LOW,NONE,HIGH,HIGH,HIGH,7.8,HIGH,Incorrect Authorization,2023-06-01,,
2701,CVE-2022-40529,2023,6,6/5/23,,A-261470065,,,Critical,,Closed-source component,,Memory corruption due to improper access control in kernel while processing a mapping request from root process.,,2023-06-06T08:15:11.520,2024-04-12T17:16:36.167,CWE-284,cvssMetricV31,LOCAL,LOW,LOW,NONE,HIGH,HIGH,HIGH,7.8,HIGH,Improper Access Control,2023-06-01,,
3666,CVE-2022-20419,2022,10,10/1/22,,A-237290578,"https://android.googlesource.com/platform/frameworks/base/+/e5dd8be748c76c11615050c610dfc1fae73ad4a4"" rel=""noreferrer",ID,Critical,"12L, 13",,,"In setOptions of ActivityRecord.java, there is a possible load any arbitrary Java code into launcher process due to a logic error in the code. This could lead to local escalation of privilege with no additional execution privileges needed. User interaction is not needed for exploitation.Product: AndroidVersions: Android-12L Android-13Android ID: A-237290578","Android-12, Android-13",2022-10-11T20:15:12.260,2022-10-13T02:49:41.800,NVD-CWE-noinfo,cvssMetricV31,LOCAL,LOW,LOW,NONE,HIGH,HIGH,HIGH,7.8,HIGH,,2022-10-01,12,13
3790,CVE-2021-35104,2022,4,4/5/22,,A-213240044,,,Critical,,Closed-source component,,"Possible buffer overflow due to improper parsing of headers while playing the FLAC audio clip in Snapdragon Auto, Snapdragon Compute, Snapdragon Connectivity, Snapdragon Consumer IOT, Snapdragon Industrial IOT, Snapdragon Voice & Music, Snapdragon Wearables, Snapdragon Wired Infrastructure and Networking",,2022-06-14T10:15:17.017,2023-04-19T17:10:55.030,CWE-120,cvssMetricV31,NETWORK,LOW,NONE,NONE,HIGH,HIGH,HIGH,9.8,CRITICAL,Buffer Copy without Checking Size of Input ('Classic Buffer Overflow'),2022-04-01,,
4156,CVE-2022-20026,2022,2,2/5/22,,"A-209705229,M-ALPS06126827",,,High,,Bluetooth,,"In Bluetooth, there is a possible out of bounds write due to a missing bounds check. This could lead to local escalation of privilege with no additional execution privileges needed. User interaction is not needed for exploitation. Patch ID: ALPS06126827; Issue ID: ALPS06126827.",,2022-02-09T23:15:16.947,2022-02-11T20:26:42.890,CWE-787,cvssMetricV31,LOCAL,LOW,LOW,NONE,HIGH,HIGH,HIGH,7.8,HIGH,Out-of-bounds Write,2022-02-01,,
4276,CVE-2021-0889,2021,11,11/5/21,,A-180745296,,RCE,Critical,,Android TV Remote Service,,"In Android TV , there is a possible silent pairing due to lack of rate limiting in the pairing flow. This could lead to remote code execution with no additional execution privileges needed. User interaction is not needed for exploitation.Product: AndroidVersions: Android-10 Android-11 Android-12 Android-8.1 Android-9Android ID: A-180745296","Android-10, Android-11, Android-12, Android-8, Android-9",2021-12-15T19:15:10.843,2021-12-17T15:20:32.343,NVD-CWE-noinfo,cvssMetricV31,NETWORK,LOW,NONE,NONE,HIGH,HIGH,HIGH,9.8,CRITICAL,,2021-11-01,,
4277,CVE-2021-0927,2021,11,11/5/21,,A-189824175,https://android.googlesource.com/platform/frameworks/base/+/20552b60ee15e6cbc64add4b29aade7166c8374e,EoP,High,,TvInputManager,,"In requestChannelBrowsable of TvInputManagerService.java, there is a possible permission bypass due to a logic error in the code. This could lead to local escalation of privilege with no additional execution privileges needed. User interaction is not needed for exploitation.Product: AndroidVersions: Android-10 Android-11 Android-12 Android-8.1 Android-9Android ID: A-189824175","Android-10, Android-11, Android-12, Android-8, Android-9",2021-12-15T19:15:11.303,2021-12-17T17:58:30.250,CWE-281,cvssMetricV31,LOCAL,LOW,LOW,NONE,HIGH,HIGH,HIGH,7.8,HIGH,Improper Preservation of Permissions,2021-11-01,,
4289,CVE-2021-1048,2021,11,11/5/21,,"A-204573007,","https://android.googlesource.com/kernel/common/+/77f4689de17c0887775bb77896f4cc11a39bf848"" rel=""noreferrer",EoP,High,,Kernel,,"In ep_loop_check_proc of eventpoll.c, there is a possible way to corrupt memory due to a use after free. This could lead to local escalation of privilege with no additional execution privileges needed. User interaction is not needed for exploitation.Product: AndroidVersions: Android kernelAndroid ID: A-204573007References: Upstream kernel",,2021-12-15T19:15:14.917,2021-12-20T16:56:29.830,CWE-416,cvssMetricV31,LOCAL,LOW,LOW,NONE,HIGH,HIGH,HIGH,7.8,HIGH,Use After Free,2021-11-01,,
4314,CVE-2021-0468,2021,4,4/5/21,,"A-180427272,M-ALPS05518125",,,High,,LK,,"In LK, there is a possible escalation of privilege due to an insecure default value. This could lead to local escalation of privilege for an attacker who has physical access to the device with no additional execution privileges needed. User interaction is needed for exploitation.Product: AndroidVersions: Android SoCAndroid ID: A-180427272",,2021-04-13T19:15:13.633,2022-07-12T17:42:04.277,CWE-1188,cvssMetricV31,PHYSICAL,LOW,NONE,REQUIRED,HIGH,HIGH,HIGH,6.6,MEDIUM,Initialization of a Resource with an Insecure Default,2021-04-01,,
4353,CVE-2020-10766,2021,1,1/5/21,,"A-169505740,",https://android.googlesource.com/kernel/common/+/dbbe2ad02e9df26e372f38cc3e70dab9222c832e,ID,High,,Speculative execution,,A logic bug flaw was found in Linux kernel before 5.8-rc1 in the implementation of SSBD. A bug in the logic handling allows an attacker with a local account to disable SSBD protection during a context switch when additional speculative execution mitigations are in place. This issue was introduced when the per task/process conditional STIPB switching was added on top of the existing SSBD switching. The highest threat from this vulnerability is to confidentiality.,5.8,2020-09-15T23:15:12.143,2023-11-07T03:14:21.980,NVD-CWE-noinfo,cvssMetricV31,LOCAL,LOW,LOW,NONE,HIGH,NONE,NONE,5.5,MEDIUM,,2021-01-01,,
4353,CVE-2020-10766,2021,1,1/5/21,,"A-169505740,",https://android.googlesource.com/kernel/common/+/dbbe2ad02e9df26e372f38cc3e70dab9222c832e,ID,High,,Speculative execution,,A logic bug flaw was found in Linux kernel before 5.8-rc1 in the implementation of SSBD. A bug in the logic handling allows an attacker with a local account to disable SSBD protection during a context switch when additional speculative execution mitigations are in place. This issue was introduced when the per task/process conditional STIPB switching was added on top of the existing SSBD switching. The highest threat from this vulnerability is to confidentiality.,5.8,2020-09-15T23:15:12.143,2023-11-07T03:14:21.980,CWE-440,cvssMetricV31,LOCAL,LOW,LOW,NONE,HIGH,NONE,NONE,5.5,MEDIUM,"A feature, API, or function does not perform according to its specification. ",2021-01-01,,
4354,CVE-2020-10767,2021,1,1/5/21,,"A-156766097,",https://android.googlesource.com/kernel/common/+/21998a351512eba4ed5969006f0c55882d995ada,ID,High,,Linux kernel,,A flaw was found in the Linux kernel before 5.8-rc1 in the implementation of the Enhanced IBPB (Indirect Branch Prediction Barrier). The IBPB mitigation will be disabled when STIBP is not available or when the Enhanced Indirect Branch Restricted Speculation (IBRS) is available. This flaw allows a local attacker to perform a Spectre V2 style attack when this configuration is active. The highest threat from this vulnerability is to confidentiality.,5.8,2020-09-15T23:15:12.223,2023-11-07T03:14:22.157,NVD-CWE-noinfo,cvssMetricV31,LOCAL,LOW,LOW,NONE,HIGH,NONE,NONE,5.5,MEDIUM,,2021-01-01,,
4354,CVE-2020-10767,2021,1,1/5/21,,"A-156766097,",https://android.googlesource.com/kernel/common/+/21998a351512eba4ed5969006f0c55882d995ada,ID,High,,Linux kernel,,A flaw was found in the Linux kernel before 5.8-rc1 in the implementation of the Enhanced IBPB (Indirect Branch Prediction Barrier). The IBPB mitigation will be disabled when STIBP is not available or when the Enhanced Indirect Branch Restricted Speculation (IBRS) is available. This flaw allows a local attacker to perform a Spectre V2 style attack when this configuration is active. The highest threat from this vulnerability is to confidentiality.,5.8,2020-09-15T23:15:12.223,2023-11-07T03:14:22.157,CWE-440,cvssMetricV31,LOCAL,LOW,LOW,NONE,HIGH,NONE,NONE,5.5,MEDIUM,"A feature, API, or function does not perform according to its specification. ",2021-01-01,,
4417,CVE-2020-10768,2021,10,10/5/21,,"A-169505929,","https://android.googlesource.com/kernel/common/+/4d8df8cbb9156b0a0ab3f802b80cb5db57acc0bf"" rel=""noreferrer",ID,High,,i86 Spectre v2 protections,,"A flaw was found in the Linux Kernel before 5.8-rc1 in the prctl() function, where it can be used to enable indirect branch speculation after it has been disabled. This call incorrectly reports it as being 'force disabled' when it is not and opens the system to Spectre v2 attacks. The highest threat from this vulnerability is to confidentiality.",5.8,2020-09-16T00:15:11.943,2023-11-07T03:14:22.500,NVD-CWE-noinfo,cvssMetricV31,LOCAL,LOW,LOW,NONE,HIGH,NONE,NONE,5.5,MEDIUM,,2021-10-01,,
4417,CVE-2020-10768,2021,10,10/5/21,,"A-169505929,","https://android.googlesource.com/kernel/common/+/4d8df8cbb9156b0a0ab3f802b80cb5db57acc0bf"" rel=""noreferrer",ID,High,,i86 Spectre v2 protections,,"A flaw was found in the Linux Kernel before 5.8-rc1 in the prctl() function, where it can be used to enable indirect branch speculation after it has been disabled. This call incorrectly reports it as being 'force disabled' when it is not and opens the system to Spectre v2 attacks. The highest threat from this vulnerability is to confidentiality.",5.8,2020-09-16T00:15:11.943,2023-11-07T03:14:22.500,CWE-440,cvssMetricV31,LOCAL,LOW,LOW,NONE,HIGH,NONE,NONE,5.5,MEDIUM,"A feature, API, or function does not perform according to its specification. ",2021-10-01,,
4421,CVE-2020-11301,2021,10,10/5/21,,"A-179929247,QC-CR#2860198,QC-CR#2867022","https://source.codeaurora.org/quic/la/kernel/msm-5.4/commit/?id=c993cbae6e07d3e589221347d856b0cd52cb14ad"" rel=""noreferrer,https://source.codeaurora.org/quic/qsdk/oss/system/feeds/wlan-open/commit/?id=2ea9f988b9182a930fdaef1e40d61d49af21d0c8"" rel=""noreferrer,https://source.codeaurora.org/quic/qsdk/oss/wigig-utils/commit/?id=9d93c8630a8f175e1f210b7831b7476dc1be3e78"" rel=""noreferrer",,Critical,,WLAN,,"Improper authentication of un-encrypted plaintext Wi-Fi frames in an encrypted network can lead to information disclosure in Snapdragon Auto, Snapdragon Compute, Snapdragon Connectivity, Snapdragon Consumer Electronics Connectivity, Snapdragon Consumer IOT, Snapdragon Industrial IOT, Snapdragon IoT, Snapdragon Mobile, Snapdragon Voice & Music, Snapdragon Wearables, Snapdragon Wired Infrastructure and Networking",,2021-09-08T12:15:07.673,2021-09-14T23:55:48.303,CWE-287,cvssMetricV31,NETWORK,LOW,NONE,NONE,HIGH,NONE,NONE,7.5,HIGH,Improper Authentication,2021-10-01,,
4423,CVE-2020-24588,2021,10,10/5/21,,"A-175626624,QC-CR#2866467,QC-CR#2867994,QC-CR#2861800","https://source.codeaurora.org/quic/le/platform/vendor/qcom-opensource/wlan/prima/commit/?id=92d43ef6f275d90c352cc73e6cc1eb1db9eda9c3"" rel=""noreferrer,https://source.codeaurora.org/quic/la/kernel/msm-5.4/commit/?id=b2c81339a9c4041c03a9b3f023fbd50627d7b69a"" rel=""noreferrer,https://source.codeaurora.org/quic/qsdk/oss/wigig-utils/commit/?id=28ee8b8cd94976d19b27b1f7f62283ac190de47d"" rel=""noreferrer,https://source.codeaurora.org/quic/qsdk/oss/wigig-utils/commit/?id=47740835afcea2c564589dd708d69271f482cfb5"" rel=""noreferrer,https://source.codeaurora.org/quic/le/kernel/msm-4.19/commit/?id=669896525ec2f1c0e0f7f644c65f4997cbc2398b"" rel=""noreferrer,https://source.codeaurora.org/quic/la/kernel/msm-4.14/commit/?id=aed8f80bd041daa066d66e91ad34dc053227bf57"" rel=""noreferrer",,High,,WLAN,,"The 802.11 standard that underpins Wi-Fi Protected Access (WPA, WPA2, and WPA3) and Wired Equivalent Privacy (WEP) doesn't require that the A-MSDU flag in the plaintext QoS header field is authenticated. Against devices that support receiving non-SSP A-MSDU frames (which is mandatory as part of 802.11n), an adversary can abuse this to inject arbitrary network packets.","802.11, 802.11",2021-05-11T20:15:08.613,2023-04-01T22:15:08.467,CWE-327,cvssMetricV31,ADJACENT_NETWORK,LOW,NONE,REQUIRED,NONE,LOW,NONE,3.5,LOW,Use of a Broken or Risky Cryptographic Algorithm,2021-10-01,,
4432,CVE-2021-30312,2021,10,10/5/21,,"A-193070595,,QC-CR#2948107","https://source.codeaurora.org/quic/qsdk/oss/wigig-utils/commit/?id=c1f7ee3b7044b85fa5162d7ed9a8c427b40b001e"" rel=""noreferrer,https://source.codeaurora.org/quic/la/kernel/msm-4.14/commit/?id=4e1fab2d80526a57f4123d53be1fe75f45f22ec5"" rel=""noreferrer",,High,,WLAN,,"Improper authentication of sub-frames of a multicast AMSDU frame can lead to information disclosure in Snapdragon Auto, Snapdragon Compute, Snapdragon Connectivity, Snapdragon Consumer IOT, Snapdragon Industrial IOT, Snapdragon Mobile, Snapdragon Voice & Music, Snapdragon Wearables, Snapdragon Wired Infrastructure and Networking",,2021-10-20T07:15:08.963,2021-10-26T18:51:10.777,CWE-287,cvssMetricV31,NETWORK,LOW,NONE,NONE,HIGH,NONE,NONE,7.5,HIGH,Improper Authentication,2021-10-01,,
4442,CVE-2021-1983,2021,10,10/5/21,,A-190402581,,,High,,Closed-source component,,"Possible buffer overflow due to improper handling of negative data length while processing write request in VR service in Snapdragon Auto, Snapdragon Compute, Snapdragon Connectivity, Snapdragon Consumer IOT, Snapdragon Industrial IOT, Snapdragon Wearables",,2021-10-20T07:15:08.087,2021-10-26T18:34:22.493,CWE-120,cvssMetricV31,LOCAL,LOW,LOW,NONE,HIGH,HIGH,HIGH,7.8,HIGH,Buffer Copy without Checking Size of Input ('Classic Buffer Overflow'),2021-10-01,,
4443,CVE-2021-1984,2021,10,10/5/21,,A-190403732,,,High,,Closed-source component,,"Possible buffer overflow due to improper validation of index value while processing the plugin block in Snapdragon Auto, Snapdragon Compute, Snapdragon Connectivity, Snapdragon Consumer IOT, Snapdragon Industrial IOT, Snapdragon Wearables",,2021-10-20T07:15:08.143,2021-10-26T18:35:01.510,CWE-120,cvssMetricV31,LOCAL,LOW,LOW,NONE,HIGH,HIGH,HIGH,7.8,HIGH,Buffer Copy without Checking Size of Input ('Classic Buffer Overflow'),2021-10-01,,
4444,CVE-2021-1985,2021,10,10/5/21,,A-190404406,,,High,,Closed-source component,,"Possible buffer over read due to lack of data length check in QVR Service configuration in Snapdragon Auto, Snapdragon Compute, Snapdragon Connectivity, Snapdragon Consumer IOT, Snapdragon Industrial IOT, Snapdragon Wearables",,2021-10-20T07:15:08.207,2021-10-26T18:36:11.550,CWE-125,cvssMetricV31,LOCAL,LOW,LOW,NONE,HIGH,NONE,HIGH,7.1,HIGH,Out-of-bounds Read,2021-10-01,,
4445,CVE-2021-30256,2021,10,10/5/21,,A-190404960,,,High,,Closed-source component,,"Possible stack overflow due to improper validation of camera name length before copying the name in VR Service in Snapdragon Compute, Snapdragon Connectivity, Snapdragon Consumer IOT, Snapdragon Industrial IOT",,2021-10-20T07:15:08.270,2021-10-26T18:37:46.713,CWE-787,cvssMetricV31,LOCAL,LOW,LOW,NONE,HIGH,HIGH,HIGH,7.8,HIGH,Out-of-bounds Write,2021-10-01,,
4446,CVE-2021-30257,2021,10,10/5/21,,A-190403214,,,High,,Closed-source component,,"Possible out of bound read or write in VR service due to lack of validation of DSP selection values in Snapdragon Compute, Snapdragon Connectivity, Snapdragon Consumer IOT, Snapdragon Industrial IOT",,2021-10-20T07:15:08.327,2021-10-26T18:39:20.760,CWE-125,cvssMetricV31,LOCAL,LOW,LOW,NONE,HIGH,HIGH,HIGH,7.8,HIGH,Out-of-bounds Read,2021-10-01,,
4446,CVE-2021-30257,2021,10,10/5/21,,A-190403214,,,High,,Closed-source component,,"Possible out of bound read or write in VR service due to lack of validation of DSP selection values in Snapdragon Compute, Snapdragon Connectivity, Snapdragon Consumer IOT, Snapdragon Industrial IOT",,2021-10-20T07:15:08.327,2021-10-26T18:39:20.760,CWE-787,cvssMetricV31,LOCAL,LOW,LOW,NONE,HIGH,HIGH,HIGH,7.8,HIGH,Out-of-bounds Write,2021-10-01,,
4447,CVE-2021-30258,2021,10,10/5/21,,A-190404449,,,High,,Closed-source component,,"Possible buffer overflow due to improper size calculation of payload received in VR service in Snapdragon Auto, Snapdragon Compute, Snapdragon Connectivity, Snapdragon Consumer IOT, Snapdragon Industrial IOT, Snapdragon Wearables",,2021-10-20T07:15:08.383,2021-10-26T18:40:32.527,CWE-787,cvssMetricV31,LOCAL,LOW,LOW,NONE,HIGH,HIGH,HIGH,7.8,HIGH,Out-of-bounds Write,2021-10-01,,
4449,CVE-2021-30291,2021,10,10/5/21,,A-190404407,,,High,,Closed-source component,,"Possible memory corruption due to lack of validation of client data used for memory allocation in Snapdragon Auto, Snapdragon Compute, Snapdragon Connectivity, Snapdragon Consumer IOT, Snapdragon Industrial IOT, Snapdragon Wearables",,2021-10-20T07:15:08.507,2021-10-26T18:42:02.077,CWE-787,cvssMetricV31,LOCAL,LOW,LOW,NONE,HIGH,HIGH,HIGH,7.8,HIGH,Out-of-bounds Write,2021-10-01,,
4450,CVE-2021-30292,2021,10,10/5/21,,A-190404329,,,High,,Closed-source component,,"Possible memory corruption due to lack of validation of client data used for memory allocation in Snapdragon Auto, Snapdragon Compute, Snapdragon Connectivity, Snapdragon Consumer IOT, Snapdragon Industrial IOT, Snapdragon Wearables",,2021-10-20T07:15:08.563,2021-10-26T18:42:55.330,CWE-787,cvssMetricV31,LOCAL,LOW,LOW,NONE,HIGH,HIGH,HIGH,7.8,HIGH,Out-of-bounds Write,2021-10-01,,
4451,CVE-2021-30297,2021,10,10/5/21,,A-190403733,,,High,,Closed-source component,,"Possible out of bound read due to improper validation of packet length while handling data transfer in VR service in Snapdragon Auto, Snapdragon Compute, Snapdragon Connectivity, Snapdragon Consumer IOT, Snapdragon Industrial IOT, Snapdragon Wearables",,2021-10-20T07:15:08.623,2021-10-26T18:44:51.597,CWE-120,cvssMetricV31,LOCAL,LOW,LOW,NONE,HIGH,NONE,HIGH,7.1,HIGH,Buffer Copy without Checking Size of Input ('Classic Buffer Overflow'),2021-10-01,,
4471,CVE-2020-11204,2021,3,3/5/21,,A-162750025,,,Critical,,Closed-source component,,"Possible memory corruption and information leakage in sub-system due to lack of check for validity and boundary compliance for parameters that are read from shared MSG RAM in Snapdragon Auto, Snapdragon Compute, Snapdragon Connectivity, Snapdragon Consumer IOT, Snapdragon Industrial IOT, Snapdragon IoT, Snapdragon Mobile, Snapdragon Voice & Music, Snapdragon Wearables, Snapdragon Wired Infrastructure and Networking",,2021-02-22T07:15:14.033,2021-07-21T11:39:23.747,CWE-20,cvssMetricV31,LOCAL,LOW,LOW,NONE,HIGH,HIGH,HIGH,7.8,HIGH,Improper Input Validation,2021-03-01,,
4471,CVE-2020-11204,2021,3,3/5/21,,A-162750025,,,Critical,,Closed-source component,,"Possible memory corruption and information leakage in sub-system due to lack of check for validity and boundary compliance for parameters that are read from shared MSG RAM in Snapdragon Auto, Snapdragon Compute, Snapdragon Connectivity, Snapdragon Consumer IOT, Snapdragon Industrial IOT, Snapdragon IoT, Snapdragon Mobile, Snapdragon Voice & Music, Snapdragon Wearables, Snapdragon Wired Infrastructure and Networking",,2021-02-22T07:15:14.033,2021-07-21T11:39:23.747,CWE-787,cvssMetricV31,LOCAL,LOW,LOW,NONE,HIGH,HIGH,HIGH,7.8,HIGH,Out-of-bounds Write,2021-03-01,,
4570,CVE-2021-30269,2021,12,12/5/21,,A-190403511,,,High,,Closed-source component,,"Possible null pointer dereference due to lack of TLB validation for user provided address in Snapdragon Auto, Snapdragon Compute, Snapdragon Connectivity, Snapdragon Consumer Electronics Connectivity, Snapdragon Consumer IOT, Snapdragon Industrial IOT, Snapdragon Voice & Music, Snapdragon Wired Infrastructure and Networking",,2022-01-03T08:15:07.897,2022-01-12T17:03:18.357,CWE-476,cvssMetricV31,LOCAL,LOW,LOW,NONE,HIGH,HIGH,HIGH,7.8,HIGH,NULL Pointer Dereference,2021-12-01,,
4571,CVE-2021-30270,2021,12,12/5/21,,A-190402575,,,High,,Closed-source component,,"Possible null pointer dereference in thread profile trap handler due to lack of thread ID validation before dereferencing it in Snapdragon Auto, Snapdragon Compute, Snapdragon Connectivity, Snapdragon Consumer IOT, Snapdragon Industrial IOT, Snapdragon Voice & Music, Snapdragon Wearables, Snapdragon Wired Infrastructure and Networking",,2022-01-03T08:15:07.957,2022-01-12T16:09:29.837,CWE-476,cvssMetricV31,LOCAL,LOW,LOW,NONE,HIGH,HIGH,HIGH,7.8,HIGH,NULL Pointer Dereference,2021-12-01,,
4572,CVE-2021-30271,2021,12,12/5/21,,A-190404402,,,High,,Closed-source component,,"Possible null pointer dereference in trap handler due to lack of thread ID validation before dereferencing it in Snapdragon Auto, Snapdragon Compute, Snapdragon Connectivity, Snapdragon Consumer Electronics Connectivity, Snapdragon Consumer IOT, Snapdragon Industrial IOT, Snapdragon Voice & Music, Snapdragon Wearables, Snapdragon Wired Infrastructure and Networking",,2022-01-03T08:15:08.017,2022-01-12T16:18:09.963,CWE-476,cvssMetricV31,LOCAL,LOW,LOW,NONE,HIGH,HIGH,HIGH,7.8,HIGH,NULL Pointer Dereference,2021-12-01,,
4573,CVE-2021-30272,2021,12,12/5/21,,A-190404323,,,High,,Closed-source component,,"Possible null pointer dereference in thread cache operation handler due to lack of validation of user provided input in Snapdragon Auto, Snapdragon Compute, Snapdragon Connectivity, Snapdragon Consumer Electronics Connectivity, Snapdragon Consumer IOT, Snapdragon Industrial IOT, Snapdragon Voice & Music, Snapdragon Wearables, Snapdragon Wired Infrastructure and Networking",,2022-01-03T08:15:08.073,2022-01-12T16:39:40.190,CWE-476,cvssMetricV31,LOCAL,LOW,LOW,NONE,HIGH,HIGH,HIGH,7.8,HIGH,NULL Pointer Dereference,2021-12-01,,
4619,CVE-2021-1923,2021,9,9/5/21,,A-179039984,,,High,,Closed-source component,,"Incorrect pointer argument passed to trusted application TA could result in un-intended memory operations in Snapdragon Auto, Snapdragon Compute, Snapdragon Connectivity, Snapdragon Industrial IOT",,2021-09-08T12:15:08.020,2021-09-14T23:01:43.230,CWE-704,cvssMetricV31,LOCAL,LOW,LOW,NONE,HIGH,HIGH,HIGH,7.8,HIGH,Incorrect Type Conversion or Cast,2021-09-01,,
4631,CVE-2021-0507,2021,6,6/1/21,,A-181860042,"https://android.googlesource.com/platform/system/bt/+/4deeb022c7efe39e9ce34d9373ba900d9ed2741f"" rel=""noreferrer",RCE,Critical,"8.1, 9, 10, 11",,,"In handle_rc_metamsg_cmd of btif_rc.cc, there is a possible out of bounds write due to a missing bounds check. This could lead to remote code execution over Bluetooth with no additional execution privileges needed. User interaction is not needed for exploitation.Product: AndroidVersions: Android-11 Android-8.1 Android-9 Android-10Android ID: A-181860042","Android-11, Android-8, Android-9, Android-10",2021-06-21T17:15:08.277,2021-06-22T20:55:14.687,CWE-787,cvssMetricV31,ADJACENT_NETWORK,LOW,NONE,NONE,HIGH,HIGH,HIGH,8.8,HIGH,Out-of-bounds Write,2021-06-01,8.1,11
4632,CVE-2021-0516,2021,6,6/1/21,,A-181660448,"https://android.googlesource.com/platform/external/wpa_supplicant_8/+/13c4cdae55e840a1a47e57e19bfa59135358b8ca"" rel=""noreferrer",EoP,Critical,"8.1, 9, 10, 11",,,"In p2p_process_prov_disc_req of p2p_pd.c, there is a possible out of bounds read and write due to a use after free. This could lead to remote escalation of privilege with no additional execution privileges needed. User interaction is not needed for exploitation.Product: AndroidVersions: Android-11 Android-8.1 Android-9 Android-10Android ID: A-181660448","Android-11, Android-8, Android-9, Android-10",2021-06-21T17:15:08.550,2021-06-23T18:01:51.797,CWE-125,cvssMetricV31,NETWORK,LOW,NONE,NONE,HIGH,HIGH,HIGH,9.8,CRITICAL,Out-of-bounds Read,2021-06-01,8.1,11
4632,CVE-2021-0516,2021,6,6/1/21,,A-181660448,"https://android.googlesource.com/platform/external/wpa_supplicant_8/+/13c4cdae55e840a1a47e57e19bfa59135358b8ca"" rel=""noreferrer",EoP,Critical,"8.1, 9, 10, 11",,,"In p2p_process_prov_disc_req of p2p_pd.c, there is a possible out of bounds read and write due to a use after free. This could lead to remote escalation of privilege with no additional execution privileges needed. User interaction is not needed for exploitation.Product: AndroidVersions: Android-11 Android-8.1 Android-9 Android-10Android ID: A-181660448","Android-11, Android-8, Android-9, Android-10",2021-06-21T17:15:08.550,2021-06-23T18:01:51.797,CWE-416,cvssMetricV31,NETWORK,LOW,NONE,NONE,HIGH,HIGH,HIGH,9.8,CRITICAL,Use After Free,2021-06-01,8.1,11
4632,CVE-2021-0516,2021,6,6/1/21,,A-181660448,"https://android.googlesource.com/platform/external/wpa_supplicant_8/+/13c4cdae55e840a1a47e57e19bfa59135358b8ca"" rel=""noreferrer",EoP,Critical,"8.1, 9, 10, 11",,,"In p2p_process_prov_disc_req of p2p_pd.c, there is a possible out of bounds read and write due to a use after free. This could lead to remote escalation of privilege with no additional execution privileges needed. User interaction is not needed for exploitation.Product: AndroidVersions: Android-11 Android-8.1 Android-9 Android-10Android ID: A-181660448","Android-11, Android-8, Android-9, Android-10",2021-06-21T17:15:08.550,2021-06-23T18:01:51.797,CWE-787,cvssMetricV31,NETWORK,LOW,NONE,NONE,HIGH,HIGH,HIGH,9.8,CRITICAL,Out-of-bounds Write,2021-06-01,8.1,11
4683,CVE-2020-0064,2020,5,5/5/20,,"A-149866855,M-ALPS04737871",,ID,High,,Omacp,,An improper authorization while processing the provisioning data.Product: AndroidVersions: Android SoCAndroid ID: A-149866855,,2020-05-14T21:15:11.570,2021-07-21T11:39:23.747,NVD-CWE-noinfo,cvssMetricV31,LOCAL,LOW,LOW,NONE,HIGH,NONE,NONE,5.5,MEDIUM,,2020-05-01,,
4684,CVE-2020-0065,2020,5,5/5/20,,"A-149813448,M-ALPS04886658",,ID,High,,Android suite daemon,,An improper authorization in the receiver component of the Android Suite Daemon.Product: AndroidVersions: Android SoCAndroid ID: A-149813448,,2020-05-14T21:15:11.650,2021-07-21T11:39:23.747,NVD-CWE-noinfo,cvssMetricV31,LOCAL,LOW,LOW,NONE,HIGH,NONE,NONE,5.5,MEDIUM,,2020-05-01,,
4685,CVE-2020-0090,2020,5,5/5/20,,"A-149813048,M-ALPS04983879",,ID,High,,Email,,An improper authorization in the receiver component of Email.Product: AndroidVersions: Android SoCAndroid ID: A-149813048,,2020-05-14T21:15:11.697,2021-07-21T11:39:23.747,NVD-CWE-noinfo,cvssMetricV31,LOCAL,LOW,LOW,NONE,HIGH,NONE,NONE,5.5,MEDIUM,,2020-05-01,,
4686,CVE-2020-0091,2020,5,5/5/20,,"A-149808700,M-ALPS04356368",,ID,High,,mnld,,"In mnld, an incorrect configuration in driver_cfg of mnld for meta factory mode.Product: AndroidVersions: Android SoCAndroid ID: A-149808700",,2020-05-14T21:15:11.760,2021-07-21T11:39:23.747,NVD-CWE-noinfo,cvssMetricV31,LOCAL,LOW,LOW,NONE,HIGH,NONE,NONE,5.5,MEDIUM,,2020-05-01,,
4691,CVE-2020-3623,2020,5,5/5/20,,"A-148815534,QC-CR#2472080",,,High,,Security,,"kernel failure due to load failures while running v1 path directly via kernel in Snapdragon Mobile in SM8250, SXR2130",,2020-06-02T15:15:13.773,2020-06-03T15:50:47.223,CWE-20,cvssMetricV31,LOCAL,LOW,LOW,NONE,HIGH,HIGH,HIGH,7.8,HIGH,Improper Input Validation,2020-05-01,,
4720,CVE-2020-3665,2020,6,6/5/20,,"A-150697775,,QC-CR#2174506",https://source.codeaurora.org/quic/le/platform/vendor/qcom-opensource/wlan/qcacld-2.0/commit/?id=48b55d5182ec223d1e1f88dc1b7b7ef91f3459c8,,High,,WLAN,,"A possible buffer overflow would occur while processing command from firmware due to the group_id obtained from the firmware being out of range in Snapdragon Auto, Snapdragon Compute, Snapdragon Connectivity, Snapdragon Consumer Electronics Connectivity, Snapdragon Consumer IOT, Snapdragon Industrial IOT, Snapdragon IoT, Snapdragon Mobile, Snapdragon Voice & Music, Snapdragon Wearables in APQ8009, APQ8053, APQ8096AU, MDM9206, MDM9207C, MDM9607, MDM9615, MDM9640, MDM9650, MSM8909W, MSM8996, MSM8996AU, QCA6174A, QCA9377, QCA9379, SDM439, SDM636, SDM660, SDX20, SDX24, SM8150",,2020-06-22T07:15:12.413,2020-06-25T20:30:33.987,CWE-129,cvssMetricV31,LOCAL,LOW,LOW,NONE,HIGH,HIGH,HIGH,7.8,HIGH,Improper Validation of Array Index,2020-06-01,,
4729,CVE-2020-3628,2020,6,6/5/20,,A-150695508,,,High,,Closed-source component,,"Improper access due to socket opened by the logging application without specifying localhost address in Snapdragon Consumer IOT, Snapdragon Mobile in APQ8053, Rennell, SDX20",,2020-06-22T07:15:12.007,2021-07-21T11:39:23.747,NVD-CWE-noinfo,cvssMetricV31,NETWORK,LOW,NONE,NONE,HIGH,HIGH,HIGH,9.8,CRITICAL,,2020-06-01,,
4762,CVE-2019-19769,2020,9,9/5/20,,"A-150693748,","https://android.googlesource.com/kernel/common/+/dcf23ac3e846ca0cf626c155a0e3fcbbcf4fae8a,https://android.googlesource.com/kernel/common/+/6d390e4b5d48ec03bb87e63cf0a2bff5f4e116da",EoP,High,,Storage subsystem,,"In the Linux kernel 5.3.10, there is a use-after-free (read) in the perf_trace_lock_acquire function (related to include/trace/events/lock.h).",5.3.10,2019-12-12T20:15:17.727,2023-11-07T03:07:47.850,CWE-416,cvssMetricV31,LOCAL,LOW,HIGH,NONE,HIGH,HIGH,HIGH,6.7,MEDIUM,Use After Free,2020-09-01,,
4765,CVE-2020-0123,2020,9,9/5/20,,"A-149871374,DTV02098055",,,High,,Sound driver of Android TV,,There is a possible out of bounds write due to an incorrect bounds check.Product: AndroidVersions: Android SoCAndroid ID: A-149871374,,2020-09-17T16:15:12.427,2020-09-23T20:44:14.900,CWE-787,cvssMetricV31,NETWORK,LOW,NONE,NONE,HIGH,HIGH,HIGH,9.8,CRITICAL,Out-of-bounds Write,2020-09-01,,
4766,CVE-2020-0229,2020,9,9/5/20,,"A-156333725,ALPS05023182",,,High,,mdla,,There is a possible out of bounds write due to an incorrect bounds check.Product: AndroidVersions: Android SoCAndroid ID: A-156333725,,2020-09-17T16:15:12.507,2020-09-23T20:43:59.730,CWE-787,cvssMetricV31,NETWORK,LOW,NONE,NONE,HIGH,HIGH,HIGH,9.8,CRITICAL,Out-of-bounds Write,2020-09-01,,
4786,CVE-2020-3629,2020,9,9/5/20,,A-148816991,,,High,,Closed-source component,,"u'Stack out of bound issue occurs when making query to DSP capabilities due to wrong assumption was made on determining the buffer size for the DSP attributes' in Snapdragon Auto, Snapdragon Compute, Snapdragon Consumer IOT, Snapdragon Industrial IOT, Snapdragon Mobile, Snapdragon Voice & Music, Snapdragon Wearables in Bitra, Kamorta, Rennell, SC7180, SDM845, SM6150, SM7150, SM8150, SM8250, SXR2130",,2020-09-08T10:15:15.327,2020-09-14T15:37:32.697,CWE-120,cvssMetricV31,LOCAL,LOW,LOW,NONE,HIGH,HIGH,HIGH,7.8,HIGH,Buffer Copy without Checking Size of Input ('Classic Buffer Overflow'),2020-09-01,,
4811,CVE-2020-0445,2020,11,11/5/20,,"A-168264527,M-ALPS05253566",,,High,,video encoder,,There is a possible out of bounds write due to a missing bounds check.Product: AndroidVersions: Android SoCAndroid ID: A-168264527,,2020-11-10T13:15:12.430,2021-07-21T11:39:23.747,CWE-787,cvssMetricV31,NETWORK,LOW,NONE,NONE,HIGH,HIGH,HIGH,9.8,CRITICAL,Out-of-bounds Write,2020-11-01,,
4812,CVE-2020-0446,2020,11,11/5/20,,"A-168264528,M-ALPS05257259",,,High,,video decoder,,There is a possible out of bounds write due to a missing bounds check.Product: AndroidVersions: Android SoCAndroid ID: A-168264528,,2020-11-10T13:15:12.490,2021-07-21T11:39:23.747,CWE-787,cvssMetricV31,NETWORK,LOW,NONE,NONE,HIGH,HIGH,HIGH,9.8,CRITICAL,Out-of-bounds Write,2020-11-01,,
4813,CVE-2020-0447,2020,11,11/5/20,,"A-168251617,M-ALPS05287879",,,High,,ptp3,,There is a possible out of bounds write due to a missing bounds check.Product: AndroidVersions: Android SoCAndroid ID: A-168251617,,2020-11-10T13:15:12.553,2021-07-21T11:39:23.747,CWE-787,cvssMetricV31,NETWORK,LOW,NONE,NONE,HIGH,HIGH,HIGH,9.8,CRITICAL,Out-of-bounds Write,2020-11-01,,
4823,CVE-2020-11205,2020,11,11/5/20,,A-162757240,,,High,,Closed-source component,,"u'Possible integer overflow to heap overflow while processing command due to lack of check of packet length received' in Snapdragon Auto, Snapdragon Compute, Snapdragon Mobile in QSM8350, SA6145P, SA6150P, SA6155, SA6155P, SA8150P, SA8155P, SA8195P, SDX55M, SM8250, SM8350, SM8350P, SXR2130, SXR2130P",,2020-11-12T10:15:12.967,2021-07-21T11:39:23.747,CWE-190,cvssMetricV31,LOCAL,LOW,LOW,NONE,HIGH,HIGH,HIGH,7.8,HIGH,Integer Overflow or Wraparound,2020-11-01,,
4823,CVE-2020-11205,2020,11,11/5/20,,A-162757240,,,High,,Closed-source component,,"u'Possible integer overflow to heap overflow while processing command due to lack of check of packet length received' in Snapdragon Auto, Snapdragon Compute, Snapdragon Mobile in QSM8350, SA6145P, SA6150P, SA6155, SA6155P, SA8150P, SA8155P, SA8195P, SDX55M, SM8250, SM8350, SM8350P, SXR2130, SXR2130P",,2020-11-12T10:15:12.967,2021-07-21T11:39:23.747,CWE-787,cvssMetricV31,LOCAL,LOW,LOW,NONE,HIGH,HIGH,HIGH,7.8,HIGH,Out-of-bounds Write,2020-11-01,,
4846,CVE-2019-14051,2020,2,2/1/16,,A-143902841,,,High,,Closed-source component,,"Subsequent additions performed during Module loading while allocating the memory would lead to integer overflow and then to buffer overflow in Snapdragon Industrial IOT in MDM9206, MDM9607",,2020-02-07T05:15:11.903,2020-02-10T01:01:18.303,CWE-190,cvssMetricV31,LOCAL,LOW,LOW,NONE,HIGH,HIGH,HIGH,7.8,HIGH,Integer Overflow or Wraparound,2020-02-01,,
4868,CVE-2020-0422,2020,10,10/1/20,,A-161718556,https://android.googlesource.com/platform/packages/apps/Contacts/+/c987095255ee953de27ea1de360c44aa99b1b856,ID,High,"8.0, 8.1, 9, 10, 11",,,"In constructImportFailureNotification of NotificationImportExportListener.java, there is a possible permissions bypass due to an unsafe PendingIntent. This could lead to local information disclosure of contact data with User execution privileges needed. User interaction is not needed for exploitation.Product: AndroidVersions: Android-8.1 Android-9 Android-10 Android-11 Android-8.0Android ID: A-161718556","Android-8, Android-9, Android-10, Android-11, Android-8",2020-10-14T14:15:17.233,2021-07-21T11:39:23.747,NVD-CWE-noinfo,cvssMetricV31,LOCAL,LOW,LOW,NONE,LOW,NONE,NONE,3.3,LOW,,2020-10-01,8.0,11
4876,CVE-2020-0376,2020,10,10/5/20,,"A-163003156,M-ALPS05194415",,,High,,ISP,,There is a possible out of bounds read due to a missing bounds check.Product: AndroidVersions: Android SoCAndroid ID: A-163003156,,2020-10-14T14:15:16.280,2020-10-15T21:07:29.753,CWE-125,cvssMetricV31,NETWORK,LOW,NONE,NONE,HIGH,NONE,HIGH,9.1,CRITICAL,Out-of-bounds Read,2020-10-01,,
4907,CVE-2019-17666,2020,1,1/5/20,,"A-142967706,",https://android.googlesource.com/kernel/common/+/ee33af324931688a75bcc741f1b6cfbeb4584596,RCE,Critical,,Realtek rtlwifi driver,,"rtl_p2p_noa_ie in drivers/net/wireless/realtek/rtlwifi/ps.c in the Linux kernel through 5.3.6 lacks a certain upper-bound check, leading to a buffer overflow.",5.3.6,2019-10-17T02:15:13.477,2023-11-07T03:06:24.143,CWE-120,cvssMetricV31,ADJACENT_NETWORK,LOW,NONE,NONE,HIGH,HIGH,HIGH,8.8,HIGH,Buffer Copy without Checking Size of Input ('Classic Buffer Overflow'),2020-01-01,,
4919,CVE-2019-14024,2020,1,1/5/20,,"A-142269993,,QC-CR#2494103",https://source.codeaurora.org/quic/la/platform/vendor/nxp/opensource/packages/apps/Nfc/commit/?id=47e5aedc1c765076ec401f423b6db2c1477b8925,,High,,NFC,,"Possible stack-use-after-scope issue in NFC usecase for card emulation in Snapdragon Auto, Snapdragon Industrial IOT, Snapdragon Mobile in MSM8917, MSM8953, Nicobar, QM215, Rennell, SDM429, SDM439, SDM450, SDM632, SDM670, SDM710, SDM845, SM6150, SM7150, SM8150, SM8250, SXR2130",,2020-01-21T07:15:12.823,2020-01-24T13:33:38.127,CWE-416,cvssMetricV31,LOCAL,LOW,LOW,NONE,HIGH,HIGH,HIGH,7.8,HIGH,Use After Free,2020-01-01,,
4935,CVE-2019-14008,2020,1,1/5/20,,A-142271609,,,High,,Closed-source component,,"Possible null pointer dereference issue in location assistance data processing due to missing null check on resources before using it in Snapdragon Auto, Snapdragon Consumer IOT, Snapdragon Industrial IOT, Snapdragon Mobile in MDM9150, MDM9607, MDM9650, SDM660, SDM845, SM8150, SM8250, SXR2130",,2020-01-21T07:15:12.353,2020-01-23T19:05:16.317,CWE-476,cvssMetricV31,NETWORK,LOW,NONE,NONE,NONE,NONE,HIGH,7.5,HIGH,NULL Pointer Dereference,2020-01-01,,
4954,CVE-2020-0259,2020,8,8/5/20,,A-157941353,,EoP,High,,dm-verity,,"In android_verity_ctr of dm-android-verity.c, there is a possible way to modify a dm-verity protected filesystem due to improperly used crypto. This could lead to local escalation of privilege with no additional execution privileges needed. User interaction is not needed for exploitation.Product: AndroidVersions: Android kernelAndroid ID: A-157941353References: N/A",,2020-08-11T20:15:12.947,2021-07-21T11:39:23.747,NVD-CWE-noinfo,cvssMetricV31,LOCAL,LOW,LOW,NONE,HIGH,HIGH,HIGH,7.8,HIGH,,2020-08-01,,
4955,CVE-2020-10751,2020,8,8/5/20,,"A-155485360,",http://android.googlesource.com/kernel/common/+/fb73974172ff,EoP,High,,SELinux,,"A flaw was found in the Linux kernels SELinux LSM hook implementation before version 5.7, where it incorrectly assumed that an skb would only contain a single netlink message. The hook would incorrectly only validate the first netlink message in the skb and allow or deny the rest of the messages within the skb with the granted permission without further processing.",5.7,2020-05-26T15:15:10.727,2023-02-12T23:39:18.680,CWE-349,cvssMetricV31,LOCAL,LOW,LOW,NONE,HIGH,LOW,NONE,6.1,MEDIUM,Acceptance of Extraneous Untrusted Data With Trusted Data,2020-08-01,,
4955,CVE-2020-10751,2020,8,8/5/20,,"A-155485360,",http://android.googlesource.com/kernel/common/+/fb73974172ff,EoP,High,,SELinux,,"A flaw was found in the Linux kernels SELinux LSM hook implementation before version 5.7, where it incorrectly assumed that an skb would only contain a single netlink message. The hook would incorrectly only validate the first netlink message in the skb and allow or deny the rest of the messages within the skb with the granted permission without further processing.",5.7,2020-05-26T15:15:10.727,2023-02-12T23:39:18.680,CWE-345,cvssMetricV31,LOCAL,LOW,LOW,NONE,HIGH,LOW,NONE,6.1,MEDIUM,Insufficient Verification of Data Authenticity,2020-08-01,,
4983,CVE-2020-3624,2020,8,8/5/20,,A-148816990,,,High,,Closed-source component,,"u'A potential buffer overflow exists due to integer overflow when parsing handler options due to wrong data type usage in operation' in Snapdragon Auto, Snapdragon Compute, Snapdragon Connectivity, Snapdragon Consumer Electronics Connectivity, Snapdragon Consumer IOT, Snapdragon Industrial IOT, Snapdragon Mobile, Snapdragon Voice & Music, Snapdragon Wearables, Snapdragon Wired Infrastructure and Networking in APQ8009, APQ8017, APQ8053, APQ8096AU, APQ8098, Kamorta, MDM9150, MDM9205, MDM9206, MDM9207C, MDM9607, MDM9615, MDM9625, MDM9635M, MDM9640, MDM9645, MDM9650, MDM9655, MSM8905, MSM8909, MSM8909W, MSM8917, MSM8920, MSM8937, MSM8940, MSM8953, MSM8996AU, MSM8998, Nicobar, QCM2150, QCN7605, QCS605, QCS610, QM215, Rennell, SA415M, SA515M, Saipan, SC7180, SC8180X, SDA660, SDA845, SDM429, SDM429W, SDM439, SDM450, SDM630, SDM632, SDM636, SDM660, SDM670, SDM710, SDM845, SDM850, SDX20, SDX24, SDX55, SM6150, SM7150, SM8150, SXR1130",,2020-09-08T10:15:15.263,2020-09-10T13:22:35.710,CWE-190,cvssMetricV31,LOCAL,LOW,LOW,NONE,HIGH,HIGH,HIGH,7.8,HIGH,Integer Overflow or Wraparound,2020-08-01,,
5001,CVE-2019-9501,2020,7,7/5/20,,A-130373736,,RCE,Critical,,Broadcom Firmware,,"The Broadcom wl WiFi driver is vulnerable to a heap buffer overflow. By supplying a vendor information element with a data length larger than 32 bytes, a heap buffer overflow is triggered in wlc_wpa_sup_eapol. In the worst case scenario, by sending specially-crafted WiFi packets, a remote, unauthenticated attacker may be able to execute arbitrary code on a vulnerable system. More typically, this vulnerability will result in denial-of-service conditions.",,2020-02-03T21:15:11.487,2020-02-10T14:28:48.773,CWE-787,cvssMetricV31,ADJACENT_NETWORK,LOW,NONE,NONE,HIGH,HIGH,HIGH,8.8,HIGH,Out-of-bounds Write,2020-07-01,,
5001,CVE-2019-9501,2020,7,7/5/20,,A-130373736,,RCE,Critical,,Broadcom Firmware,,"The Broadcom wl WiFi driver is vulnerable to a heap buffer overflow. By supplying a vendor information element with a data length larger than 32 bytes, a heap buffer overflow is triggered in wlc_wpa_sup_eapol. In the worst case scenario, by sending specially-crafted WiFi packets, a remote, unauthenticated attacker may be able to execute arbitrary code on a vulnerable system. More typically, this vulnerability will result in denial-of-service conditions.",,2020-02-03T21:15:11.487,2020-02-10T14:28:48.773,CWE-122,cvssMetricV31,ADJACENT_NETWORK,LOW,NONE,NONE,HIGH,HIGH,HIGH,8.8,HIGH,Heap-based Buffer Overflow,2020-07-01,,
5002,CVE-2019-9502,2020,7,7/5/20,,A-130374366,,RCE,Critical,,Broadcom Firmware,,"The Broadcom wl WiFi driver is vulnerable to a heap buffer overflow. If the vendor information element data length is larger than 164 bytes, a heap buffer overflow is triggered in wlc_wpa_plumb_gtk. In the worst case scenario, by sending specially-crafted WiFi packets, a remote, unauthenticated attacker may be able to execute arbitrary code on a vulnerable system. More typically, this vulnerability will result in denial-of-service conditions.",,2020-02-03T21:15:11.547,2020-02-10T14:31:55.877,CWE-787,cvssMetricV31,ADJACENT_NETWORK,LOW,NONE,NONE,HIGH,HIGH,HIGH,8.8,HIGH,Out-of-bounds Write,2020-07-01,,
5002,CVE-2019-9502,2020,7,7/5/20,,A-130374366,,RCE,Critical,,Broadcom Firmware,,"The Broadcom wl WiFi driver is vulnerable to a heap buffer overflow. If the vendor information element data length is larger than 164 bytes, a heap buffer overflow is triggered in wlc_wpa_plumb_gtk. In the worst case scenario, by sending specially-crafted WiFi packets, a remote, unauthenticated attacker may be able to execute arbitrary code on a vulnerable system. More typically, this vulnerability will result in denial-of-service conditions.",,2020-02-03T21:15:11.547,2020-02-10T14:31:55.877,CWE-122,cvssMetricV31,ADJACENT_NETWORK,LOW,NONE,NONE,HIGH,HIGH,HIGH,8.8,HIGH,Heap-based Buffer Overflow,2020-07-01,,
5003,CVE-2018-20669,2020,7,7/5/20,,"A-135368228,",https://android.googlesource.com/kernel/common/+/594cc251fdd0d231d342d88b2fdff4bc42fb0690,EoP,High,,i915 driver,,"An issue where a provided address with access_ok() is not checked was discovered in i915_gem_execbuffer2_ioctl in drivers/gpu/drm/i915/i915_gem_execbuffer.c in the Linux kernel through 4.19.13. A local attacker can craft a malicious IOCTL function call to overwrite arbitrary kernel memory, resulting in a Denial of Service or privilege escalation.",4.19.13,2019-03-21T16:00:37.327,2023-04-11T18:16:08.283,CWE-20,cvssMetricV31,LOCAL,LOW,LOW,NONE,HIGH,HIGH,HIGH,7.8,HIGH,Improper Input Validation,2020-07-01,,
5006,CVE-2020-0230,2020,7,7/5/20,,"A-156337262,ALPS05018169",,EoP,High,,vcu,,There is a possible out of bounds write due to an incorrect bounds check. Product: AndroidVersions: Android SoCAndroid ID: A-156337262,,2020-07-17T21:15:12.640,2020-07-21T16:30:27.133,CWE-787,cvssMetricV31,NETWORK,LOW,NONE,NONE,HIGH,HIGH,HIGH,9.8,CRITICAL,Out-of-bounds Write,2020-07-01,,
5008,CVE-2020-0228,2020,7,7/5/20,,"A-156333723,ALPS04163861",,ID,High,,Recorder related service,,There is an improper configuration of recorder related service. Product: AndroidVersions: Android SoCAndroid ID: A-156333723,,2020-07-17T21:15:12.560,2021-07-21T11:39:23.747,NVD-CWE-noinfo,cvssMetricV31,NETWORK,LOW,NONE,NONE,HIGH,NONE,NONE,7.5,HIGH,,2020-07-01,,
5100,CVE-2019-2056,2020,4,4/5/20,,A-140879284,,ID,High,10,,,There is a possible disclosure of RAM using a shared crypto key due to improperly used crypto. This could lead to local information disclosure with no additional execution privileges needed. User interaction is not needed for exploitation.Product: AndroidVersions: Android-10Android ID: A-140879284,Android-10,2020-04-17T19:15:13.187,2021-07-21T11:39:23.747,NVD-CWE-noinfo,cvssMetricV31,LOCAL,LOW,LOW,NONE,HIGH,NONE,NONE,5.5,MEDIUM,,2020-04-01,10,10
5104,CVE-2020-0076,2020,4,4/5/20,,A-146056878,,EoP,High,,FPC Iris TZ App,,"In get_auth_result of the FPC IRIS TrustZone app, there is a possible out of bounds write due to a missing bounds check. This could lead to local escalation of privilege with System execution privileges needed. User interaction is not needed for exploitation.Product: AndroidVersions: Android kernelAndroid ID: A-146056878",,2020-04-17T19:15:13.637,2020-04-22T19:31:29.657,CWE-787,cvssMetricV31,LOCAL,LOW,HIGH,NONE,HIGH,HIGH,HIGH,6.7,MEDIUM,Out-of-bounds Write,2020-04-01,,
5105,CVE-2020-0075,2020,4,4/5/20,,A-146057864,,ID,Moderate,,FPC Iris TZ App,,"In set_shared_key of the FPC IRIS TrustZone app, there is a possible out of bounds read due to a missing bounds check. This could lead to local information disclosure with System execution privileges needed. User interaction is not needed for exploitation.Product: AndroidVersions: Android kernelAndroid ID: A-146057864",,2020-04-17T19:15:13.590,2020-04-22T19:36:34.163,CWE-125,cvssMetricV31,LOCAL,LOW,HIGH,NONE,HIGH,NONE,NONE,4.4,MEDIUM,Out-of-bounds Read,2020-04-01,,
5106,CVE-2020-0077,2020,4,4/5/20,,A-146055840,,ID,Moderate,,FPC Iris TZ App,,"In authorize_enroll of the FPC IRIS TrustZone app, there is a possible out of bounds read due to a missing bounds check. This could lead to local information disclosure with System execution privileges needed. User interaction is not needed for exploitation.Product: AndroidVersions: Android kernelAndroid ID: A-146055840",,2020-04-17T19:15:13.670,2020-04-23T15:21:58.720,CWE-125,cvssMetricV31,LOCAL,LOW,HIGH,NONE,HIGH,NONE,NONE,4.4,MEDIUM,Out-of-bounds Read,2020-04-01,,
5113,CVE-2019-10575,2020,4,4/5/20,,A-142272251,,,Critical,,Closed-source component,,"Wlan binary which is not signed with OEMs RoT is working on secure device without authentication failure in Snapdragon Compute, Snapdragon Consumer IOT, Snapdragon Industrial IOT, Snapdragon Mobile in SDA845, SDM845, SDM850",,2020-04-16T11:15:13.167,2020-08-24T17:37:01.140,CWE-347,cvssMetricV31,LOCAL,LOW,LOW,NONE,HIGH,HIGH,HIGH,7.8,HIGH,Improper Verification of Cryptographic Signature,2020-04-01,,
5124,CVE-2019-10608,2020,4,4/5/20,,A-142270891,,,High,,Closed-source component,,"Information disclosure issue occurs as there is no binding between the secure keypad session and the secure display session that allows user to take control of the REE to stop the secure keypad session and read the keypad input. in Snapdragon Auto, Snapdragon Compute, Snapdragon Connectivity, Snapdragon Consumer IOT, Snapdragon Industrial IOT, Snapdragon Mobile, Snapdragon Voice & Music, Snapdragon Wired Infrastructure and Networking in APQ8009, MSM8905, MSM8909",,2020-04-16T11:15:13.650,2020-08-24T17:37:01.140,NVD-CWE-noinfo,cvssMetricV31,LOCAL,LOW,LOW,NONE,HIGH,NONE,NONE,5.5,MEDIUM,,2020-04-01,,
5126,CVE-2019-14001,2020,4,4/5/20,,A-142272252,,,High,,Closed-source component,,"Wrong public key usage from existing oem_keystore for hash generation in Snapdragon Auto, Snapdragon Consumer IOT, Snapdragon Industrial IOT, Snapdragon Mobile, Snapdragon Voice & Music, Snapdragon Wearables in APQ8009, APQ8017, APQ8053, APQ8096AU, MDM9206, MDM9207C, MDM9607, MDM9650, MSM8905, MSM8909W, MSM8917, MSM8953, MSM8996AU, QM215, SDM429, SDM429W, SDM439, SDM450, SDM630, SDM632, SDM636, SDM660, SDX20",,2020-04-16T11:15:14.213,2020-04-22T14:44:12.600,CWE-327,cvssMetricV31,LOCAL,LOW,LOW,NONE,HIGH,HIGH,HIGH,7.8,HIGH,Use of a Broken or Risky Cryptographic Algorithm,2020-04-01,,
5159,CVE-2020-0016,2020,12,12/5/20,,A-171413483,,,High,,Broadcom middleware,,"In the Broadcom Nexus firmware, there is an insecure default password. This could lead to local escalation of privilege in the kernel with no additional execution privileges needed. User interaction is not needed for exploitation.Product: AndroidVersions: Android SoCAndroid ID: A-171413483",,2020-12-14T23:15:11.453,2020-12-16T19:42:05.303,CWE-798,cvssMetricV31,LOCAL,LOW,LOW,NONE,HIGH,HIGH,HIGH,7.8,HIGH,"The product contains hard-coded credentials, such as a password or cryptographic key, which it uses for its own inbound authentication, outbound communication to external components, or encryption of internal data. ",2020-12-01,,
5160,CVE-2020-0019,2020,12,12/5/20,,A-171413798,,,High,,Broadcom middleware,,"In the Broadcom Nexus firmware, there is an insecure default password. This could lead to local information disclosure in the kernel with no additional execution privileges needed. User interaction is not needed for exploitation.Product: AndroidVersions: Android SoCAndroid ID: A-171413798",,2020-12-14T23:15:11.517,2021-07-21T11:39:23.747,CWE-1188,cvssMetricV31,LOCAL,LOW,LOW,NONE,HIGH,NONE,NONE,5.5,MEDIUM,Initialization of a Resource with an Insecure Default,2020-12-01,,
5161,CVE-2020-0455,2020,12,12/5/20,,"A-170372514,M-ALPS05324771",,,High,,vcu,,There is a possible out of bounds write due to a missing bounds check.Product: AndroidVersions: Android SoCAndroid ID: A-170372514,,2020-12-14T22:15:13.817,2020-12-15T16:30:12.900,CWE-787,cvssMetricV31,NETWORK,LOW,NONE,NONE,HIGH,HIGH,HIGH,9.8,CRITICAL,Out-of-bounds Write,2020-12-01,,
5162,CVE-2020-0456,2020,12,12/5/20,,"A-170378843,M-ALPS05304125",,,High,,vcu,,There is a possible out of bounds write due to a missing bounds check.Product: AndroidVersions: Android SoCAndroid ID: A-170378843,,2020-12-14T23:15:11.750,2020-12-15T17:20:33.437,CWE-787,cvssMetricV31,NETWORK,LOW,NONE,NONE,HIGH,HIGH,HIGH,9.8,CRITICAL,Out-of-bounds Write,2020-12-01,,
5163,CVE-2020-0457,2020,12,12/5/20,,"A-170367562,M-ALPS05304170",,,High,,vcu,,There is a possible out of bounds write due to a missing bounds check.Product: AndroidVersions: Android SoCAndroid ID: A-170367562,,2020-12-14T22:15:13.880,2020-12-15T17:09:27.377,CWE-787,cvssMetricV31,NETWORK,LOW,NONE,NONE,HIGH,HIGH,HIGH,9.8,CRITICAL,Out-of-bounds Write,2020-12-01,,
