ID,CVE,year,month,spl_type,date,bug,link,Type,Severity,vul_true,component,devices,NVD_descriptions,android_versions,NVD_published,NVD_last_modified,cwe,NVD_version,attack_vector,attack_complexity,privileges_required,user_interaction,confidentiality_impact,integrity_impact,availability_impact,base_score,base_severity,cwe_info,Date
2365,CVE-2022-27406,2023,07,7/1/23,,A-271680254,"https://android.googlesource.com/platform/external/freetype/+/d45f0e49ab54065eb72d92aa3cc5f2152b0910b7"" rel=""noreferrer",ID,High,"11, 12, 12L, 13",,,FreeType commit 22a0cccb4d9d002f33c1ba7a4b36812c7d4f46b5 was discovered to contain a segmentation violation via the function FT_Request_Size.,,2022-04-22T14:15:09.537,2024-02-29T01:34:23.797,CWE-125,cvssMetricV31,NETWORK,LOW,NONE,NONE,NONE,NONE,HIGH,7.5,HIGH,Out-of-bounds Read,2023-07-01
4762,CVE-2019-19769,2020,09,9/5/20,,"A-150693748,","https://android.googlesource.com/kernel/common/+/dcf23ac3e846ca0cf626c155a0e3fcbbcf4fae8a,https://android.googlesource.com/kernel/common/+/6d390e4b5d48ec03bb87e63cf0a2bff5f4e116da",EoP,High,,Storage subsystem,,"In the Linux kernel 5.3.10, there is a use-after-free (read) in the perf_trace_lock_acquire function (related to include/trace/events/lock.h).",5.3.10,2019-12-12T20:15:17.727,2023-11-07T03:07:47.850,CWE-416,cvssMetricV31,LOCAL,LOW,HIGH,NONE,HIGH,HIGH,HIGH,6.7,MEDIUM,Use After Free,2020-09-01
4955,CVE-2020-10751,2020,08,8/5/20,,"A-155485360,",http://android.googlesource.com/kernel/common/+/fb73974172ff,EoP,High,,SELinux,,"A flaw was found in the Linux kernels SELinux LSM hook implementation before version 5.7, where it incorrectly assumed that an skb would only contain a single netlink message. The hook would incorrectly only validate the first netlink message in the skb and allow or deny the rest of the messages within the skb with the granted permission without further processing.",5.7,2020-05-26T15:15:10.727,2023-02-12T23:39:18.680,CWE-349,cvssMetricV31,LOCAL,LOW,LOW,NONE,HIGH,LOW,NONE,6.1,MEDIUM,Acceptance of Extraneous Untrusted Data With Trusted Data,2020-08-01
4955,CVE-2020-10751,2020,08,8/5/20,,"A-155485360,",http://android.googlesource.com/kernel/common/+/fb73974172ff,EoP,High,,SELinux,,"A flaw was found in the Linux kernels SELinux LSM hook implementation before version 5.7, where it incorrectly assumed that an skb would only contain a single netlink message. The hook would incorrectly only validate the first netlink message in the skb and allow or deny the rest of the messages within the skb with the granted permission without further processing.",5.7,2020-05-26T15:15:10.727,2023-02-12T23:39:18.680,CWE-345,cvssMetricV31,LOCAL,LOW,LOW,NONE,HIGH,LOW,NONE,6.1,MEDIUM,Insufficient Verification of Data Authenticity,2020-08-01
5088,CVE-2020-0080,2020,04,4/1/20,,A-144092031,https://android.googlesource.com/platform/frameworks/base/+/40dd65db3996399530cf549b3afe0c3a5f884b78,EoP,High,10,,,"In onOpActiveChanged and related methods of AppOpsControllerImpl.java, there is a possible way to display an app overlaying other apps without the notification icon that it's overlaying. This could lead to local escalation of privilege with User execution privileges needed. User interaction is needed for exploitation.Product: AndroidVersions: Android-10Android ID: A-144092031",Android-10,2020-04-17T19:15:13.840,2021-07-21T11:39:23.747,NVD-CWE-noinfo,cvssMetricV31,LOCAL,LOW,NONE,REQUIRED,HIGH,HIGH,HIGH,7.8,HIGH,,2020-04-01
5089,CVE-2020-0081,2020,04,4/1/20,,A-144028297,"https://android.googlesource.com/platform/cts/+/22cbc0fee280788c367aa897cd2518ce82656ace,https://android.googlesource.com/platform/frameworks/base/+/5f6b5390aeb51297e4dcb995c8fbbdc46559b8b7",EoP,High,"8.0, 8.1, 9, 10",,,"In finalize of AssetManager.java, there is possible memory corruption due to a double free. This could lead to local escalation of privilege with no additional execution privileges needed. User interaction is not needed for exploitation.Product: AndroidVersions: Android-8.0 Android-8.1 Android-9 Android-10Android ID: A-144028297","Android-8, Android-8, Android-9, Android-10",2020-04-17T19:15:13.903,2023-11-07T03:13:50.533,CWE-415,cvssMetricV31,LOCAL,LOW,LOW,NONE,HIGH,HIGH,HIGH,7.8,HIGH,Double Free,2020-04-01
5089,CVE-2020-0081,2020,04,4/1/20,,A-144028297,"https://android.googlesource.com/platform/cts/+/22cbc0fee280788c367aa897cd2518ce82656ace,https://android.googlesource.com/platform/frameworks/base/+/5f6b5390aeb51297e4dcb995c8fbbdc46559b8b7",EoP,High,"8.0, 8.1, 9, 10",,,"In finalize of AssetManager.java, there is possible memory corruption due to a double free. This could lead to local escalation of privilege with no additional execution privileges needed. User interaction is not needed for exploitation.Product: AndroidVersions: Android-8.0 Android-8.1 Android-9 Android-10Android ID: A-144028297","Android-8, Android-8, Android-9, Android-10",2020-04-17T19:15:13.903,2023-11-07T03:13:50.533,CWE-787,cvssMetricV31,LOCAL,LOW,LOW,NONE,HIGH,HIGH,HIGH,7.8,HIGH,Out-of-bounds Write,2020-04-01
5090,CVE-2020-0082,2020,04,4/1/20,,A-140417434,https://android.googlesource.com/platform/frameworks/base/+/3484a2dd5c380c9ef7a2a6e6113a1ef01f2f7aed,EoP,High,10,,,"In ExternalVibration of ExternalVibration.java, there is a possible activation of an arbitrary intent due to unsafe deserialization. This could lead to local escalation of privilege to system_server with no additional execution privileges needed. User interaction is not needed for exploitation.Product: AndroidVersions: Android-10Android ID: A-140417434",Android-10,2020-04-17T19:15:13.950,2020-04-24T19:46:26.067,CWE-502,cvssMetricV31,LOCAL,LOW,LOW,NONE,HIGH,HIGH,HIGH,7.8,HIGH,Deserialization of Untrusted Data,2020-04-01
5091,CVE-2019-5018,2020,04,4/1/20,,A-140180629,"https://android.googlesource.com/platform/cts/+/10b9488de1ac87f8122289c3abbae6fcd193a302,https://android.googlesource.com/platform/external/sqlite/+/678cc662682a24c7c8505794fe5cc26407b646b9",EoP,High,"8.0, 8.1, 9, 10",,,"An exploitable use after free vulnerability exists in the window function functionality of Sqlite3 3.26.0. A specially crafted SQL command can cause a use after free vulnerability, potentially resulting in remote code execution. An attacker can send a malicious SQL command to trigger this vulnerability.",3.26.0,2019-05-10T19:29:07.747,2022-06-13T18:42:49.437,CWE-416,cvssMetricV31,NETWORK,HIGH,NONE,NONE,HIGH,HIGH,HIGH,8.1,HIGH,Use After Free,2020-04-01
5091,CVE-2019-5018,2020,04,4/1/20,,A-140180629,"https://android.googlesource.com/platform/cts/+/10b9488de1ac87f8122289c3abbae6fcd193a302,https://android.googlesource.com/platform/external/sqlite/+/678cc662682a24c7c8505794fe5cc26407b646b9",EoP,High,"8.0, 8.1, 9, 10",,,"An exploitable use after free vulnerability exists in the window function functionality of Sqlite3 3.26.0. A specially crafted SQL command can cause a use after free vulnerability, potentially resulting in remote code execution. An attacker can send a malicious SQL command to trigger this vulnerability.",3.26.0,2019-05-10T19:29:07.747,2022-06-13T18:42:49.437,CWE-416,cvssMetricV31,NETWORK,HIGH,NONE,NONE,HIGH,HIGH,HIGH,8.1,HIGH,Use After Free,2020-04-01
5092,CVE-2019-8457,2020,04,4/1/20,,A-140182003,"https://android.googlesource.com/platform/cts/+/10b9488de1ac87f8122289c3abbae6fcd193a302,https://android.googlesource.com/platform/external/sqlite/+/678cc662682a24c7c8505794fe5cc26407b646b9",ID,High,"8.0, 8.1, 9, 10",,,SQLite3 from 3.6.0 to and including 3.27.2 is vulnerable to heap out-of-bound read in the rtreenode() function when handling invalid rtree tables.,"3.6.0, 3.27.2",2019-05-30T16:29:01.840,2023-11-07T03:13:30.250,CWE-125,cvssMetricV31,NETWORK,LOW,NONE,NONE,HIGH,HIGH,HIGH,9.8,CRITICAL,Out-of-bounds Read,2020-04-01
5092,CVE-2019-8457,2020,04,4/1/20,,A-140182003,"https://android.googlesource.com/platform/cts/+/10b9488de1ac87f8122289c3abbae6fcd193a302,https://android.googlesource.com/platform/external/sqlite/+/678cc662682a24c7c8505794fe5cc26407b646b9",ID,High,"8.0, 8.1, 9, 10",,,SQLite3 from 3.6.0 to and including 3.27.2 is vulnerable to heap out-of-bound read in the rtreenode() function when handling invalid rtree tables.,"3.6.0, 3.27.2",2019-05-30T16:29:01.840,2023-11-07T03:13:30.250,CWE-125,cvssMetricV31,NETWORK,LOW,NONE,NONE,HIGH,HIGH,HIGH,9.8,CRITICAL,Out-of-bounds Read,2020-04-01
5093,CVE-2019-9936,2020,04,4/1/20,,A-140181188,"https://android.googlesource.com/platform/cts/+/10b9488de1ac87f8122289c3abbae6fcd193a302,https://android.googlesource.com/platform/external/sqlite/+/678cc662682a24c7c8505794fe5cc26407b646b9",ID,Moderate,"8.0, 8.1, 9, 10",,,"In SQLite 3.27.2, running fts5 prefix queries inside a transaction could trigger a heap-based buffer over-read in fts5HashEntrySort in sqlite3.c, which may lead to an information leak. This is related to ext/fts5/fts5_hash.c.",3.27.2,2019-03-22T08:29:00.607,2023-11-07T03:13:49.123,CWE-125,cvssMetricV30,NETWORK,LOW,NONE,NONE,HIGH,NONE,NONE,7.5,HIGH,Out-of-bounds Read,2020-04-01
5094,CVE-2020-0078,2020,04,4/1/20,,A-144766455,https://android.googlesource.com/platform/frameworks/av/+/fe8b9a7cb32f739e3855c51c8803590908a1da9c,EoP,High,"9, 10",,,"In releaseSecureStops of DrmPlugin.cpp, there is a possible out of bounds write due to a missing bounds check. This could lead to local escalation of privilege with no additional execution privileges needed. User interaction is not needed for exploitation.Product: AndroidVersions: Android-9 Android-10Android ID: A-144766455","Android-9, Android-10",2020-04-17T19:15:13.733,2020-04-23T18:54:42.050,CWE-787,cvssMetricV31,LOCAL,LOW,LOW,NONE,HIGH,HIGH,HIGH,7.8,HIGH,Out-of-bounds Write,2020-04-01
5095,CVE-2020-0079,2020,04,4/1/20,,A-144506242,https://android.googlesource.com/platform/frameworks/av/+/bcd4eaae518a8185726fd440fca9e3b6eee6a1ff,EoP,High,"9, 10",,,"In decrypt_1_2 of CryptoPlugin.cpp, there is a possible out of bounds write due to stale pointer. This could lead to local escalation of privilege with no additional execution privileges needed. User interaction is not needed for exploitation.Product: AndroidVersions: Android-9 Android-10Android ID: A-144506242","Android-9, Android-10",2020-04-17T19:15:13.793,2020-04-23T18:56:09.227,CWE-787,cvssMetricV31,LOCAL,LOW,LOW,NONE,HIGH,HIGH,HIGH,7.8,HIGH,Out-of-bounds Write,2020-04-01
5096,CVE-2020-0070,2020,04,4/1/20,,A-148159613,https://android.googlesource.com/platform/system/nfc/+/0aec6aed3031f60da3c4756d70611850011807b7,RCE,Critical,"8.0, 8.1, 9, 10",,,"In rw_t2t_update_lock_attributes of rw_t2t_ndef.cc, there is a possible out of bounds write due to a missing bounds check. This could lead to remote code execution over NFC with no additional execution privileges needed. User interaction is not needed for exploitation.Product: AndroidVersions: Android-8.0 Android-8.1 Android-9 Android-10Android ID: A-148159613","Android-8, Android-8, Android-9, Android-10",2020-04-17T19:15:13.373,2020-04-21T17:59:10.410,CWE-787,cvssMetricV31,NETWORK,LOW,NONE,NONE,HIGH,HIGH,HIGH,9.8,CRITICAL,Out-of-bounds Write,2020-04-01
5097,CVE-2020-0071,2020,04,4/1/20,,A-147310721,https://android.googlesource.com/platform/system/nfc/+/0aec6aed3031f60da3c4756d70611850011807b7,RCE,Critical,"8.0, 8.1, 9, 10",,,"In rw_t2t_extract_default_locks_info of rw_t2t_ndef.cc, there is a possible out of bounds write due to a missing bounds check. This could lead to remote code execution over NFC with no additional execution privileges needed. User interaction is not needed for exploitation.Product: AndroidVersions: Android-8.0 Android-8.1 Android-9 Android-10Android ID: A-147310721","Android-8, Android-8, Android-9, Android-10",2020-04-17T19:15:13.437,2020-04-21T18:01:37.463,CWE-787,cvssMetricV31,NETWORK,LOW,NONE,NONE,HIGH,HIGH,HIGH,9.8,CRITICAL,Out-of-bounds Write,2020-04-01
5098,CVE-2020-0072,2020,04,4/1/20,,A-147310271,"https://android.googlesource.com/platform/system/nfc/+/c67bf186efc538995740dcf667eaa39ab801157f,https://android.googlesource.com/platform/system/nfc/+/0aec6aed3031f60da3c4756d70611850011807b7",RCE,Critical,"8.0, 8.1, 9, 10",,,"In rw_t2t_handle_tlv_detect_rsp of rw_t2t_ndef.cc, there is a possible out of bounds write due to a missing bounds check. This could lead to remote code execution over NFC with no additional execution privileges needed. User interaction is not needed for exploitation.Product: AndroidVersions: Android-8.0 Android-8.1 Android-9 Android-10Android ID: A-147310271","Android-8, Android-8, Android-9, Android-10",2020-04-17T19:15:13.483,2020-04-22T20:25:58.153,CWE-787,cvssMetricV31,NETWORK,LOW,NONE,NONE,HIGH,HIGH,HIGH,9.8,CRITICAL,Out-of-bounds Write,2020-04-01
5099,CVE-2020-0073,2020,04,4/1/20,,A-147309942,https://android.googlesource.com/platform/system/nfc/+/c67bf186efc538995740dcf667eaa39ab801157f,RCE,Critical,"8.0, 8.1, 9, 10",,,"In rw_t2t_handle_tlv_detect_rsp of rw_t2t_ndef.cc, there is a possible out of bounds write due to a missing bounds check. This could lead to remote code execution over NFC with no additional execution privileges needed. User interaction is not needed for exploitation.Product: AndroidVersions: Android-8.0 Android-8.1 Android-9 Android-10Android ID: A-147309942","Android-8, Android-8, Android-9, Android-10",2020-04-17T19:15:13.527,2020-04-22T20:13:27.290,CWE-787,cvssMetricV31,NETWORK,LOW,NONE,NONE,HIGH,HIGH,HIGH,9.8,CRITICAL,Out-of-bounds Write,2020-04-01
5100,CVE-2019-2056,2020,04,4/5/20,,A-140879284,,ID,High,10,,,There is a possible disclosure of RAM using a shared crypto key due to improperly used crypto. This could lead to local information disclosure with no additional execution privileges needed. User interaction is not needed for exploitation.Product: AndroidVersions: Android-10Android ID: A-140879284,Android-10,2020-04-17T19:15:13.187,2021-07-21T11:39:23.747,NVD-CWE-noinfo,cvssMetricV31,LOCAL,LOW,LOW,NONE,HIGH,NONE,NONE,5.5,MEDIUM,,2020-04-01
5101,CVE-2019-19524,2020,04,4/5/20,,"A-146258053,",https://git.kernel.org/pub/scm/linux/kernel/git/torvalds/linux.git/commit/?id=fa3a5a1880c91bb92594ad42dfe9eedad7996b86,EoP,High,,USB input driver,,"In the Linux kernel before 5.3.12, there is a use-after-free bug that can be caused by a malicious USB device in the drivers/input/ff-memless.c driver, aka CID-fa3a5a1880c9.",5.3.12,2019-12-03T16:15:12.720,2022-10-31T14:52:31.863,CWE-416,cvssMetricV31,PHYSICAL,LOW,NONE,NONE,NONE,NONE,HIGH,4.6,MEDIUM,Use After Free,2020-04-01
5102,CVE-2019-19532,2020,04,4/5/20,,"A-146258320,",https://git.kernel.org/pub/scm/linux/kernel/git/torvalds/linux.git/commit/?id=d9d4b1e46d9543a82c23f6df03f4ad697dab361b,EoP,High,,USB HID drivers,,"In the Linux kernel before 5.3.9, there are multiple out-of-bounds write bugs that can be caused by a malicious USB device in the Linux kernel HID drivers, aka CID-d9d4b1e46d95. This affects drivers/hid/hid-axff.c, drivers/hid/hid-dr.c, drivers/hid/hid-emsff.c, drivers/hid/hid-gaff.c, drivers/hid/hid-holtekff.c, drivers/hid/hid-lg2ff.c, drivers/hid/hid-lg3ff.c, drivers/hid/hid-lg4ff.c, drivers/hid/hid-lgff.c, drivers/hid/hid-logitech-hidpp.c, drivers/hid/hid-microsoft.c, drivers/hid/hid-sony.c, drivers/hid/hid-tmff.c, and drivers/hid/hid-zpff.c.",5.3.9,2019-12-03T16:15:13.313,2020-01-07T06:15:16.567,CWE-787,cvssMetricV31,PHYSICAL,LOW,NONE,NONE,HIGH,HIGH,HIGH,6.8,MEDIUM,Out-of-bounds Write,2020-04-01
5103,CVE-2019-19807,2020,04,4/5/20,,"A-146482218,",https://git.kernel.org/cgit/linux/kernel/git/torvalds/linux.git/commit/?id=e7af6307a8a54f0b873960b32b6a644f2d0fbd97,EoP,High,,Audio Subsystem,,"In the Linux kernel before 5.3.11, sound/core/timer.c has a use-after-free caused by erroneous code refactoring, aka CID-e7af6307a8a5. This is related to snd_timer_open and snd_timer_close_locked. The timeri variable was originally intended to be for a newly created timer instance, but was used for a different purpose after refactoring.",5.3.11,2019-12-15T23:15:11.023,2023-01-17T21:31:24.400,CWE-416,cvssMetricV31,LOCAL,LOW,LOW,NONE,HIGH,HIGH,HIGH,7.8,HIGH,Use After Free,2020-04-01
5104,CVE-2020-0076,2020,04,4/5/20,,A-146056878,,EoP,High,,FPC Iris TZ App,,"In get_auth_result of the FPC IRIS TrustZone app, there is a possible out of bounds write due to a missing bounds check. This could lead to local escalation of privilege with System execution privileges needed. User interaction is not needed for exploitation.Product: AndroidVersions: Android kernelAndroid ID: A-146056878",,2020-04-17T19:15:13.637,2020-04-22T19:31:29.657,CWE-787,cvssMetricV31,LOCAL,LOW,HIGH,NONE,HIGH,HIGH,HIGH,6.7,MEDIUM,Out-of-bounds Write,2020-04-01
5105,CVE-2020-0075,2020,04,4/5/20,,A-146057864,,ID,Moderate,,FPC Iris TZ App,,"In set_shared_key of the FPC IRIS TrustZone app, there is a possible out of bounds read due to a missing bounds check. This could lead to local information disclosure with System execution privileges needed. User interaction is not needed for exploitation.Product: AndroidVersions: Android kernelAndroid ID: A-146057864",,2020-04-17T19:15:13.590,2020-04-22T19:36:34.163,CWE-125,cvssMetricV31,LOCAL,LOW,HIGH,NONE,HIGH,NONE,NONE,4.4,MEDIUM,Out-of-bounds Read,2020-04-01
5106,CVE-2020-0077,2020,04,4/5/20,,A-146055840,,ID,Moderate,,FPC Iris TZ App,,"In authorize_enroll of the FPC IRIS TrustZone app, there is a possible out of bounds read due to a missing bounds check. This could lead to local information disclosure with System execution privileges needed. User interaction is not needed for exploitation.Product: AndroidVersions: Android kernelAndroid ID: A-146055840",,2020-04-17T19:15:13.670,2020-04-23T15:21:58.720,CWE-125,cvssMetricV31,LOCAL,LOW,HIGH,NONE,HIGH,NONE,NONE,4.4,MEDIUM,Out-of-bounds Read,2020-04-01
5107,CVE-2019-14131,2020,04,4/5/20,,"A-147103218,,QC-CR#2564485",https://source.codeaurora.org/quic/la/platform/vendor/qcom-opensource/wlan/qcacld-3.0/commit/?id=99a1b58a1f9f6420cf1400f2399643310cf70e2b,,Critical,,WLAN,,"Out of bound write can occur in radio measurement request if STA receives multiple invalid rrm measurement request from AP in Snapdragon Auto, Snapdragon Compute, Snapdragon Consumer IOT, Snapdragon Industrial IOT, Snapdragon Mobile, Snapdragon Voice & Music in APQ8053, APQ8096AU, MSM8998, Nicobar, QCA6574AU, QCS605, Rennell, SA6155P, Saipan, SC8180X, SDM660, SDM710, SDM845, SDX20, SDX24, SDX55, SM6150, SM7150, SM8150, SM8250, SXR2130",,2020-04-16T11:15:15.463,2021-07-21T11:39:23.747,CWE-787,cvssMetricV31,NETWORK,LOW,NONE,NONE,HIGH,HIGH,HIGH,9.8,CRITICAL,Out-of-bounds Write,2020-04-01
5108,CVE-2019-14070,2020,04,4/5/20,,"A-147101660,,QC-CR#2508568","https://source.codeaurora.org/quic/la/kernel/msm-4.4/commit?id=1c9afab264e3cafa461d746e9dcfd3c0487754cb,https://source.codeaurora.org/quic/la/kernel/msm-4.4/commit/?id=42ffbf03ec54dc14824d078f36c350b24c217f8d",,High,,Audio,,"Possible use after free issue in pcm volume controls due to race condition exist in private data used in mixer controls in Snapdragon Auto, Snapdragon Compute, Snapdragon Consumer IOT, Snapdragon Industrial IOT, Snapdragon Mobile, Snapdragon Voice & Music, Snapdragon Wearables, Snapdragon Wired Infrastructure and Networking in APQ8009, APQ8017, APQ8053, APQ8064, APQ8096AU, APQ8098, IPQ4019, IPQ6018, IPQ8064, IPQ8074, MDM9206, MDM9207C, MDM9607, MDM9615, MDM9640, MDM9650, MSM8905, MSM8909W, MSM8917, MSM8920, MSM8937, MSM8940, MSM8953, MSM8996AU, MSM8998, Nicobar, QCS605, QM215, Rennell, SA6155P, Saipan, SC8180X, SDA660, SDA845, SDM429, SDM429W, SDM439, SDM450, SDM630, SDM632, SDM636, SDM660, SDM670, SDM710, SDM845, SDX20, SDX24, SDX55, SM6150, SM7150, SM8150, SM8250, SXR1130, SXR2130",,2020-04-16T11:15:14.823,2021-07-21T11:39:23.747,CWE-362,cvssMetricV31,LOCAL,HIGH,LOW,NONE,HIGH,HIGH,HIGH,7.0,HIGH,Concurrent Execution using Shared Resource with Improper Synchronization ('Race Condition'),2020-04-01
5108,CVE-2019-14070,2020,04,4/5/20,,"A-147101660,,QC-CR#2508568","https://source.codeaurora.org/quic/la/kernel/msm-4.4/commit?id=1c9afab264e3cafa461d746e9dcfd3c0487754cb,https://source.codeaurora.org/quic/la/kernel/msm-4.4/commit/?id=42ffbf03ec54dc14824d078f36c350b24c217f8d",,High,,Audio,,"Possible use after free issue in pcm volume controls due to race condition exist in private data used in mixer controls in Snapdragon Auto, Snapdragon Compute, Snapdragon Consumer IOT, Snapdragon Industrial IOT, Snapdragon Mobile, Snapdragon Voice & Music, Snapdragon Wearables, Snapdragon Wired Infrastructure and Networking in APQ8009, APQ8017, APQ8053, APQ8064, APQ8096AU, APQ8098, IPQ4019, IPQ6018, IPQ8064, IPQ8074, MDM9206, MDM9207C, MDM9607, MDM9615, MDM9640, MDM9650, MSM8905, MSM8909W, MSM8917, MSM8920, MSM8937, MSM8940, MSM8953, MSM8996AU, MSM8998, Nicobar, QCS605, QM215, Rennell, SA6155P, Saipan, SC8180X, SDA660, SDA845, SDM429, SDM429W, SDM439, SDM450, SDM630, SDM632, SDM636, SDM660, SDM670, SDM710, SDM845, SDX20, SDX24, SDX55, SM6150, SM7150, SM8150, SM8250, SXR1130, SXR2130",,2020-04-16T11:15:14.823,2021-07-21T11:39:23.747,CWE-416,cvssMetricV31,LOCAL,HIGH,LOW,NONE,HIGH,HIGH,HIGH,7.0,HIGH,Use After Free,2020-04-01
5109,CVE-2019-14104,2020,04,4/5/20,,"A-147103377,,QC-CR#2245986",https://source.codeaurora.org/quic/la/kernel/msm-4.9/commit/?id=9910e89b27224fbddbf7d15d307597e13d9b9258,,High,,Camera,,"Slab-out-of-bounds access can occur if the context pointer is invalid due to lack of null check on pointer before accessing it in Snapdragon Compute, Snapdragon Consumer IOT, Snapdragon Mobile in APQ8053, SC8180X, SDX55, SM8150",,2020-04-16T11:15:14.933,2020-04-21T20:25:52.340,CWE-125,cvssMetricV31,LOCAL,LOW,LOW,NONE,HIGH,NONE,HIGH,7.1,HIGH,Out-of-bounds Read,2020-04-01
5110,CVE-2019-14122,2020,04,4/5/20,,"A-147102901,,QC-CR#2538911",https://source.codeaurora.org/quic/la/kernel/msm-4.14/commit/?id=870f0ba0fc05bc6ebac1486b39dc9d94c993eafb,,High,,Kernel,,"Memory failure in SKB if it fails to to add the requested padding to the skb in low memory targets or targets with major memory fragmentation in Snapdragon Auto, Snapdragon Mobile in Saipan, SM8150, SM8250, SXR2130",,2020-04-16T11:15:15.353,2020-04-21T19:43:50.403,CWE-755,cvssMetricV31,LOCAL,LOW,LOW,NONE,HIGH,HIGH,HIGH,7.8,HIGH,Improper Handling of Exceptional Conditions,2020-04-01
5111,CVE-2019-14132,2020,04,4/5/20,,"A-147104052,,QC-CR#2455671",https://source.codeaurora.org/quic/le/platform/hardware/qcom/media/commit/?id=9e80e1db4b56b42f9150d4d51166560d10839f5f,,High,,Video,,"Buffer over-write when this 0-byte buffer is typecasted to some other structure and hence memory corruption in Snapdragon Auto, Snapdragon Consumer IOT, Snapdragon Mobile in QCS605, SA6155P, SM8150",,2020-04-16T11:15:15.510,2020-04-21T18:34:53.830,CWE-787,cvssMetricV31,NETWORK,LOW,NONE,NONE,HIGH,HIGH,HIGH,9.8,CRITICAL,Out-of-bounds Write,2020-04-01
5113,CVE-2019-10575,2020,04,4/5/20,,A-142272251,,,Critical,,Closed-source component,,"Wlan binary which is not signed with OEMs RoT is working on secure device without authentication failure in Snapdragon Compute, Snapdragon Consumer IOT, Snapdragon Industrial IOT, Snapdragon Mobile in SDA845, SDM845, SDM850",,2020-04-16T11:15:13.167,2020-08-24T17:37:01.140,CWE-347,cvssMetricV31,LOCAL,LOW,LOW,NONE,HIGH,HIGH,HIGH,7.8,HIGH,Improper Verification of Cryptographic Signature,2020-04-01
5114,CVE-2019-10588,2020,04,4/5/20,,A-142271575,,,Critical,,Closed-source component,,"Copying RTCP messages into the output buffer without checking the destination buffer size which could lead to a remote stack overflow. in Snapdragon Auto, Snapdragon Compute, Snapdragon Consumer IOT, Snapdragon Industrial IOT, Snapdragon IoT, Snapdragon Mobile, Snapdragon Voice & Music, Snapdragon Wearables in APQ8009, APQ8017, APQ8053, APQ8076, APQ8096, APQ8096AU, APQ8098, MDM9150, MDM9206, MDM9607, MDM9615, MDM9625, MDM9635M, MDM9640, MDM9645, MDM9650, MDM9655, MSM8905, MSM8909, MSM8909W, MSM8917, MSM8920, MSM8937, MSM8940, MSM8953, MSM8996AU, MSM8998, QCM2150, QCS605, QM215, Rennell, SC7180, SC8180X, SDA660, SDA845, SDM429, SDM429W, SDM439, SDM450, SDM630, SDM632, SDM636, SDM660, SDM670, SDM710, SDM845, SDM850, SDX20, SDX24, SDX55, SM6150, SM7150, SM8150, SXR1130",,2020-04-16T11:15:13.213,2021-07-21T11:39:23.747,CWE-787,cvssMetricV31,NETWORK,LOW,NONE,NONE,HIGH,HIGH,HIGH,9.8,CRITICAL,Out-of-bounds Write,2020-04-01
5115,CVE-2019-10609,2020,04,4/5/20,,A-142269795,,,Critical,,Closed-source component,,"Out of bound write can happen due to lack of check of array index value while calculating it. in Snapdragon Auto, Snapdragon Compute, Snapdragon Consumer IOT, Snapdragon Industrial IOT, Snapdragon IoT, Snapdragon Mobile, Snapdragon Voice & Music, Snapdragon Wearables in APQ8009, APQ8017, APQ8053, APQ8076, APQ8096, APQ8096AU, APQ8098, MDM9150, MDM9205, MDM9206, MDM9607, MDM9615, MDM9635M, MDM9640, MDM9645, MDM9650, MDM9655, MSM8905, MSM8909, MSM8909W, MSM8917, MSM8920, MSM8937, MSM8940, MSM8953, MSM8996AU, MSM8998, Nicobar, QCM2150, QCS605, QM215, Rennell, SC7180, SC8180X, SDA660, SDA845, SDM429, SDM429W, SDM439, SDM450, SDM630, SDM632, SDM636, SDM660, SDM670, SDM710, SDM845, SDM850, SDX20, SDX24, SDX55, SM6150, SM7150, SM8150, SXR1130",,2020-04-16T11:15:13.697,2020-04-22T15:42:14.920,CWE-787,cvssMetricV31,NETWORK,LOW,NONE,NONE,HIGH,HIGH,HIGH,9.8,CRITICAL,Out-of-bounds Write,2020-04-01
5116,CVE-2019-14110,2020,04,4/5/20,,A-147104254,,,Critical,,Closed-source component,,"Buffer overflow can occur in function wlan firmware while copying association frame content if frame length is more than the maximum buffer size in case of SAP mode in Snapdragon Auto, Snapdragon Compute, Snapdragon Connectivity, Snapdragon Consumer Electronics Connectivity, Snapdragon Consumer IOT, Snapdragon Industrial IOT, Snapdragon IoT, Snapdragon Mobile, Snapdragon Voice & Music, Snapdragon Wired Infrastructure and Networking in APQ8009, APQ8017, APQ8053, APQ8064, APQ8096, APQ8096AU, APQ8098, IPQ6018, IPQ8074, MDM9206, MDM9207C, MDM9607, MDM9640, MDM9650, MSM8996, MSM8996AU, MSM8998, Nicobar, QCA4531, QCA6174A, QCA6564, QCA6574AU, QCA6584, QCA6584AU, QCA8081, QCA9377, QCA9379, QCA9886, QCN7605, QCS404, QCS405, QCS605, Rennell, SA6155P, SC7180, SC8180X, SDA660, SDA845, SDM630, SDM636, SDM660, SDM670, SDM710, SDM845, SDM850, SDX20, SDX24, SM6150, SM7150, SM8150, SXR1130, SXR2130",,2020-04-16T11:15:15.027,2020-04-22T12:56:55.267,CWE-120,cvssMetricV31,NETWORK,LOW,NONE,NONE,HIGH,HIGH,HIGH,9.8,CRITICAL,Buffer Copy without Checking Size of Input ('Classic Buffer Overflow'),2020-04-01
5117,CVE-2019-14111,2020,04,4/5/20,,A-147103017,,,Critical,,Closed-source component,,"Possible buffer overflow while handling NAN reception of NMF in Snapdragon Auto, Snapdragon Compute, Snapdragon Connectivity, Snapdragon Consumer Electronics Connectivity, Snapdragon Mobile, Snapdragon Voice & Music, Snapdragon Wired Infrastructure and Networking in IPQ6018, IPQ8074, Nicobar, QCA6390, QCA8081, QCN7605, QCS404, QCS405, Rennell, SC7180, SC8180X, SM6150, SM7150, SM8150, SXR2130",,2020-04-16T11:15:15.073,2020-04-21T20:17:30.847,CWE-120,cvssMetricV31,NETWORK,LOW,NONE,NONE,HIGH,HIGH,HIGH,9.8,CRITICAL,Buffer Copy without Checking Size of Input ('Classic Buffer Overflow'),2020-04-01
5118,CVE-2019-14112,2020,04,4/5/20,,A-147102781,,,Critical,,Closed-source component,,"Potential buffer overflow while processing CBF frames due to lack of check of buffer length before copy in Snapdragon Auto, Snapdragon Compute, Snapdragon Consumer Electronics Connectivity, Snapdragon Consumer IOT, Snapdragon Industrial IOT, Snapdragon Mobile, Snapdragon Wired Infrastructure and Networking in APQ8098, IPQ6018, IPQ8074, MSM8998, Nicobar, QCA8081, QCN7605, QCS404, QCS605, Rennell, SC7180, SC8180X, SDA660, SDA845, SDM630, SDM636, SDM660, SDM670, SDM710, SDM845, SDM850, SM6150, SM7150, SM8150, SXR1130, SXR2130",,2020-04-16T11:15:15.120,2020-04-22T13:19:15.050,CWE-120,cvssMetricV31,NETWORK,LOW,NONE,NONE,HIGH,HIGH,HIGH,9.8,CRITICAL,Buffer Copy without Checking Size of Input ('Classic Buffer Overflow'),2020-04-01
5119,CVE-2019-14113,2020,04,4/5/20,,A-147103217,,,Critical,,Closed-source component,,"Buffer overflow can occur in In WLAN firmware while unwraping data using CCMP cipher suite during parsing of EAPOL handshake frame in Snapdragon Auto, Snapdragon Compute, Snapdragon Connectivity, Snapdragon Consumer Electronics Connectivity, Snapdragon Consumer IOT, Snapdragon Industrial IOT, Snapdragon IoT, Snapdragon Mobile, Snapdragon Voice & Music, Snapdragon Wired Infrastructure and Networking in APQ8009, APQ8017, APQ8053, APQ8064, APQ8096, APQ8096AU, APQ8098, IPQ6018, IPQ8074, MDM9206, MDM9207C, MDM9607, MDM9640, MDM9650, MSM8996AU, MSM8998, Nicobar, QCA4531, QCA6174A, QCA6564, QCA6574, QCA6574AU, QCA6584, QCA6584AU, QCA8081, QCA9377, QCA9379, QCA9886, QCN7605, QCS404, QCS405, QCS605, Rennell, SA6155P, SC7180, SC8180X, SDA660, SDA845, SDM630, SDM636, SDM660, SDM670, SDM710, SDM845, SDM850, SDX20, SDX24, SM6150, SM7150, SM8150, SXR1130, SXR2130",,2020-04-16T11:15:15.183,2021-07-21T11:39:23.747,CWE-119,cvssMetricV31,NETWORK,LOW,NONE,NONE,HIGH,HIGH,HIGH,9.8,CRITICAL,Improper Restriction of Operations within the Bounds of a Memory Buffer,2020-04-01
5119,CVE-2019-14113,2020,04,4/5/20,,A-147103217,,,Critical,,Closed-source component,,"Buffer overflow can occur in In WLAN firmware while unwraping data using CCMP cipher suite during parsing of EAPOL handshake frame in Snapdragon Auto, Snapdragon Compute, Snapdragon Connectivity, Snapdragon Consumer Electronics Connectivity, Snapdragon Consumer IOT, Snapdragon Industrial IOT, Snapdragon IoT, Snapdragon Mobile, Snapdragon Voice & Music, Snapdragon Wired Infrastructure and Networking in APQ8009, APQ8017, APQ8053, APQ8064, APQ8096, APQ8096AU, APQ8098, IPQ6018, IPQ8074, MDM9206, MDM9207C, MDM9607, MDM9640, MDM9650, MSM8996AU, MSM8998, Nicobar, QCA4531, QCA6174A, QCA6564, QCA6574, QCA6574AU, QCA6584, QCA6584AU, QCA8081, QCA9377, QCA9379, QCA9886, QCN7605, QCS404, QCS405, QCS605, Rennell, SA6155P, SC7180, SC8180X, SDA660, SDA845, SDM630, SDM636, SDM660, SDM670, SDM710, SDM845, SDM850, SDX20, SDX24, SM6150, SM7150, SM8150, SXR1130, SXR2130",,2020-04-16T11:15:15.183,2021-07-21T11:39:23.747,CWE-190,cvssMetricV31,NETWORK,LOW,NONE,NONE,HIGH,HIGH,HIGH,9.8,CRITICAL,Integer Overflow or Wraparound,2020-04-01
5120,CVE-2019-14114,2020,04,4/5/20,,A-147102843,,,Critical,,Closed-source component,,"Buffer overflow in WLAN firmware while parsing GTK IE containing GTK key having length more than the buffer size in Snapdragon Auto, Snapdragon Compute, Snapdragon Connectivity, Snapdragon Consumer Electronics Connectivity, Snapdragon Consumer IOT, Snapdragon Industrial IOT, Snapdragon IoT, Snapdragon Mobile, Snapdragon Voice & Music, Snapdragon Wired Infrastructure and Networking in APQ8009, APQ8017, APQ8053, APQ8064, APQ8096AU, APQ8098, IPQ6018, IPQ8074, MDM9206, MDM9207C, MDM9607, MDM9640, MDM9650, MSM8996AU, MSM8998, Nicobar, QCA4531, QCA6174A, QCA6564, QCA6574, QCA6574AU, QCA6584, QCA6584AU, QCA8081, QCA9377, QCA9379, QCA9886, QCN7605, QCS404, QCS405, QCS605, Rennell, SA6155P, SC7180, SC8180X, SDA660, SDA845, SDM630, SDM636, SDM660, SDM670, SDM710, SDM845, SDM850, SDX20, SDX24, SM6150, SM7150, SM8150, SXR1130, SXR2130",,2020-04-16T11:15:15.260,2020-04-22T14:03:53.913,CWE-190,cvssMetricV31,NETWORK,LOW,NONE,NONE,HIGH,HIGH,HIGH,9.8,CRITICAL,Integer Overflow or Wraparound,2020-04-01
5121,CVE-2019-10483,2020,04,4/5/20,,A-142270890,,,High,,Closed-source component,,"Side channel issue in QTEE due to usage of non-time-constant comparison function such as memcmp or strcmp in Snapdragon Auto, Snapdragon Compute, Snapdragon Connectivity, Snapdragon Consumer Electronics Connectivity, Snapdragon Consumer IOT, Snapdragon Industrial IOT, Snapdragon IoT, Snapdragon Mobile, Snapdragon Voice & Music, Snapdragon Wearables, Snapdragon Wired Infrastructure and Networking in APQ8009, APQ8016, APQ8017, APQ8053, APQ8076, APQ8096, APQ8096AU, APQ8098, IPQ8074, MDM9150, MDM9205, MDM9206, MDM9207C, MDM9607, MDM9640, MDM9650, MDM9655, MSM8905, MSM8909, MSM8909W, MSM8917, MSM8920, MSM8937, MSM8940, MSM8953, MSM8996, MSM8996AU, MSM8998, QCA8081, QCS404, QCS605, QM215, SDA660, SDA845, SDM429, SDM439, SDM450, SDM630, SDM632, SDM636, SDM660, SDM670, SDM710, SDM845, SDM850, SDX20, SDX55, SM6150, SM7150, SM8150, SXR1130, SXR2130",,2020-04-16T11:15:12.760,2021-07-21T11:39:23.747,CWE-203,cvssMetricV31,LOCAL,LOW,LOW,NONE,HIGH,NONE,NONE,5.5,MEDIUM,Observable Discrepancy,2020-04-01
5122,CVE-2019-10551,2020,04,4/5/20,,A-142270356,,,High,,Closed-source component,,"String error while processing non standard SIP messages received can lead to buffer overread and then denial of service in Snapdragon Auto, Snapdragon Compute, Snapdragon Consumer IOT, Snapdragon Industrial IOT, Snapdragon IoT, Snapdragon Mobile, Snapdragon Voice & Music, Snapdragon Wearables in APQ8009, APQ8017, APQ8053, APQ8096, APQ8096AU, APQ8098, MDM9150, MDM9206, MDM9607, MDM9615, MDM9625, MDM9635M, MDM9640, MDM9645, MDM9650, MDM9655, MSM8905, MSM8909, MSM8909W, MSM8917, MSM8920, MSM8937, MSM8940, MSM8953, MSM8996AU, MSM8998, Nicobar, QCM2150, QCS605, QM215, Rennell, SC7180, SC8180X, SDA660, SDA845, SDM429, SDM429W, SDM439, SDM450, SDM630, SDM632, SDM636, SDM660, SDM670, SDM710, SDM845, SDM850, SDX20, SDX24, SDX55, SM6150, SM7150, SM8150, SXR1130",,2020-04-16T11:15:13.010,2020-05-08T14:40:13.477,NVD-CWE-Other,cvssMetricV31,NETWORK,LOW,NONE,NONE,HIGH,NONE,HIGH,9.1,CRITICAL,,2020-04-01
5123,CVE-2019-10589,2020,04,4/5/20,,A-142271556,,,High,,Closed-source component,,"Lack of length check of response buffer can lead to buffer over-flow while GP command response buffer handling in Snapdragon Auto, Snapdragon Compute, Snapdragon Connectivity, Snapdragon Consumer IOT, Snapdragon Industrial IOT, Snapdragon Mobile, Snapdragon Voice & Music, Snapdragon Wired Infrastructure and Networking in APQ8017, APQ8053, APQ8098, MDM9206, MDM9607, MSM8917, MSM8920, MSM8937, MSM8940, MSM8953, MSM8998, QM215, SDA660, SDM429, SDM439, SDM450, SDM630, SDM632, SDM636, SDM660",,2020-04-16T11:15:13.277,2020-04-21T19:30:51.303,CWE-120,cvssMetricV31,NETWORK,LOW,NONE,NONE,HIGH,HIGH,HIGH,9.8,CRITICAL,Buffer Copy without Checking Size of Input ('Classic Buffer Overflow'),2020-04-01
5124,CVE-2019-10608,2020,04,4/5/20,,A-142270891,,,High,,Closed-source component,,"Information disclosure issue occurs as there is no binding between the secure keypad session and the secure display session that allows user to take control of the REE to stop the secure keypad session and read the keypad input. in Snapdragon Auto, Snapdragon Compute, Snapdragon Connectivity, Snapdragon Consumer IOT, Snapdragon Industrial IOT, Snapdragon Mobile, Snapdragon Voice & Music, Snapdragon Wired Infrastructure and Networking in APQ8009, MSM8905, MSM8909",,2020-04-16T11:15:13.650,2020-08-24T17:37:01.140,NVD-CWE-noinfo,cvssMetricV31,LOCAL,LOW,LOW,NONE,HIGH,NONE,NONE,5.5,MEDIUM,,2020-04-01
5125,CVE-2019-10610,2020,04,4/5/20,,A-142271388,,,High,,Closed-source component,,"Possible buffer over read when trying to process SDP message Video media line with frame-size attribute in video Media line in Snapdragon Auto, Snapdragon Compute, Snapdragon Consumer IOT, Snapdragon Industrial IOT, Snapdragon IoT, Snapdragon Mobile, Snapdragon Voice & Music, Snapdragon Wearables in APQ8009, APQ8017, APQ8053, APQ8076, APQ8096, APQ8096AU, APQ8098, MDM9150, MDM9206, MDM9607, MDM9615, MDM9625, MDM9635M, MDM9640, MDM9645, MDM9650, MDM9655, MSM8905, MSM8909, MSM8909W, MSM8917, MSM8920, MSM8937, MSM8940, MSM8953, MSM8996AU, MSM8998, Nicobar, QCM2150, QCS605, QM215, Rennell, SC7180, SC8180X, SDA660, SDA845, SDM429, SDM429W, SDM439, SDM450, SDM630, SDM632, SDM636, SDM660, SDM670, SDM710, SDM845, SDM850, SDX20, SDX24, SDX55, SM6150, SM7150, SM8150, SXR1130",,2020-04-16T11:15:13.810,2020-04-22T14:58:20.960,CWE-125,cvssMetricV31,NETWORK,LOW,NONE,NONE,HIGH,NONE,HIGH,9.1,CRITICAL,Out-of-bounds Read,2020-04-01
5126,CVE-2019-14001,2020,04,4/5/20,,A-142272252,,,High,,Closed-source component,,"Wrong public key usage from existing oem_keystore for hash generation in Snapdragon Auto, Snapdragon Consumer IOT, Snapdragon Industrial IOT, Snapdragon Mobile, Snapdragon Voice & Music, Snapdragon Wearables in APQ8009, APQ8017, APQ8053, APQ8096AU, MDM9206, MDM9207C, MDM9607, MDM9650, MSM8905, MSM8909W, MSM8917, MSM8953, MSM8996AU, QM215, SDM429, SDM429W, SDM439, SDM450, SDM630, SDM632, SDM636, SDM660, SDX20",,2020-04-16T11:15:14.213,2020-04-22T14:44:12.600,CWE-327,cvssMetricV31,LOCAL,LOW,LOW,NONE,HIGH,HIGH,HIGH,7.8,HIGH,Use of a Broken or Risky Cryptographic Algorithm,2020-04-01
5127,CVE-2019-14007,2020,04,4/5/20,,A-142269788,,,High,,Closed-source component,,"Due to the use of non-time-constant comparison functions there is issue in timing side channels which can be used as a potential side channel for SUI corruption in Snapdragon Auto, Snapdragon Compute, Snapdragon Connectivity, Snapdragon Consumer IOT, Snapdragon Industrial IOT, Snapdragon Mobile, Snapdragon Voice & Music, Snapdragon Wired Infrastructure and Networking in APQ8009, APQ8017, APQ8053, APQ8096, APQ8096AU, APQ8098, MDM9150, MDM9205, MDM9206, MDM9607, MDM9650, MSM8905, MSM8909, MSM8917, MSM8920, MSM8937, MSM8940, MSM8953, MSM8996, MSM8996AU, MSM8998, Nicobar, QCS404, QCS405, QCS605, QM215, Rennell, SA6155P, SC7180, SDA660, SDA845, SDM429, SDM439, SDM450, SDM630, SDM632, SDM636, SDM660, SDM670, SDM710, SDM845, SDM850, SDX24, SDX55, SM6150, SM7150, SM8150, SXR1130, SXR2130",,2020-04-16T11:15:14.260,2021-07-21T11:39:23.747,CWE-203,cvssMetricV31,LOCAL,LOW,LOW,NONE,HIGH,NONE,NONE,5.5,MEDIUM,Observable Discrepancy,2020-04-01
5128,CVE-2019-14009,2020,04,4/5/20,,A-142271546,,,High,,Closed-source component,,"Out of bound memory access while processing TZ command handler due to improper input validation on response length received from user in Snapdragon Auto, Snapdragon Compute, Snapdragon Connectivity, Snapdragon Consumer IOT, Snapdragon Industrial IOT, Snapdragon Mobile, Snapdragon Voice & Music, Snapdragon Wired Infrastructure and Networking in APQ8009, APQ8098, MDM9150, MDM9607, MDM9650, MSM8905, MSM8909, MSM8998, SDA660, SDA845, SDM630, SDM636, SDM660, SDM845, SDM850, SXR2130",,2020-04-16T11:15:14.307,2020-04-22T14:17:32.790,CWE-119,cvssMetricV31,LOCAL,LOW,LOW,NONE,HIGH,HIGH,HIGH,7.8,HIGH,Improper Restriction of Operations within the Bounds of a Memory Buffer,2020-04-01
5129,CVE-2019-14011,2020,04,4/5/20,,A-142268825,,,High,,Closed-source component,,"Multiple Read overflows issue due to improper length check while decoding 3G attach accept/ SMS/ pdn connection reject/ esm data transport/ bearer modify context reject in Snapdragon Auto, Snapdragon Compute, Snapdragon Consumer IOT, Snapdragon Industrial IOT, Snapdragon IoT, Snapdragon Mobile, Snapdragon Voice & Music, Snapdragon Wearables in APQ8009, APQ8053, APQ8096, APQ8096AU, APQ8098, MDM9150, MDM9205, MDM9206, MDM9207C, MDM9607, MDM9625, MDM9635M, MDM9640, MDM9645, MDM9650, MDM9655, MSM8905, MSM8909, MSM8909W, MSM8917, MSM8920, MSM8937, MSM8940, MSM8953, MSM8996AU, MSM8998, Nicobar, QCM2150, QCS605, QM215, Rennell, SC7180, SC8180X, SDA660, SDA845, SDM429, SDM429W, SDM439, SDM450, SDM630, SDM632, SDM636, SDM660, SDM670, SDM710, SDM845, SDM850, SDX20, SDX24, SDX55, SM6150, SM7150, SM8150, SXR1130",,2020-04-16T11:15:14.370,2020-04-21T19:04:28.037,CWE-125,cvssMetricV31,NETWORK,LOW,NONE,NONE,HIGH,NONE,HIGH,9.1,CRITICAL,Out-of-bounds Read,2020-04-01
5130,CVE-2019-14012,2020,04,4/5/20,,A-142270102,,,High,,Closed-source component,,"Possibility of null pointer deference as the array of video codecs from media info is referenced without null checking while processing SDP messages in Snapdragon Auto, Snapdragon Compute, Snapdragon Consumer IOT, Snapdragon Industrial IOT, Snapdragon Mobile, Snapdragon Wearables in MSM8905, MSM8909, MSM8917, MSM8920, MSM8937, MSM8940, MSM8953, Nicobar, QCM2150, QM215, Rennell, SC7180, SC8180X, SDA845, SDM429, SDM439, SDM450, SDM632, SDM845, SDM850, SDX24, SM6150, SM7150, SM8150",,2020-04-16T11:15:14.433,2020-04-21T18:57:46.047,CWE-476,cvssMetricV31,NETWORK,LOW,NONE,NONE,NONE,NONE,HIGH,7.5,HIGH,NULL Pointer Dereference,2020-04-01
5131,CVE-2019-14018,2020,04,4/5/20,,A-142271911,,,High,,Closed-source component,,"Possible out of bound array access as there is no check on carrier index passed in Snapdragon Auto, Snapdragon Compute, Snapdragon Consumer IOT, Snapdragon Industrial IOT, Snapdragon Mobile, Snapdragon Wearables in APQ8053, APQ8096, APQ8096AU, APQ8098, MDM9150, MDM9206, MDM9607, MDM9625, MDM9635M, MDM9640, MDM9645, MDM9650, MDM9655, MSM8905, MSM8909, MSM8909W, MSM8917, MSM8920, MSM8937, MSM8940, MSM8953, MSM8996AU, MSM8998, Nicobar, QCM2150, QCS605, QM215, Rennell, SC7180, SC8180X, SDA660, SDA845, SDM429, SDM429W, SDM439, SDM450, SDM630, SDM632, SDM636, SDM660, SDM670, SDM710, SDM845, SDM850, SDX20, SDX24, SDX55, SM6150, SM7150, SM8150, SXR1130",,2020-04-16T11:15:14.480,2020-04-22T17:11:23.317,CWE-129,cvssMetricV31,LOCAL,LOW,LOW,NONE,HIGH,HIGH,HIGH,7.8,HIGH,Improper Validation of Array Index,2020-04-01
5132,CVE-2019-14019,2020,04,4/5/20,,A-142272129,,,High,,Closed-source component,,"Multiple Read overflows issue due to improper length check while decoding RAU accept/PDN disconnect Rej/Modify EPS ctxt req/bearer resource alloc Rej/Deact EPs bearer REq in Snapdragon Auto, Snapdragon Compute, Snapdragon Consumer IOT, Snapdragon Industrial IOT, Snapdragon IoT, Snapdragon Mobile, Snapdragon Voice & Music, Snapdragon Wearables in APQ8009, APQ8053, APQ8076, APQ8096, APQ8096AU, APQ8098, MDM9150, MDM9205, MDM9206, MDM9207C, MDM9607, MDM9615, MDM9625, MDM9635M, MDM9640, MDM9645, MDM9650, MDM9655, MSM8905, MSM8909, MSM8909W, MSM8917, MSM8920, MSM8937, MSM8940, MSM8953, MSM8996AU, MSM8998, Nicobar, QCM2150, QCS605, QM215, Rennell, SC7180, SC8180X, SDA660, SDA845, SDM429, SDM429W, SDM439, SDM450, SDM630, SDM632, SDM636, SDM660, SDM670, SDM710, SDM845, SDM850, SDX20, SDX24, SDX55, SM6150, SM7150, SM8150, SXR1130",,2020-04-16T11:15:14.543,2020-04-22T16:53:03.237,CWE-125,cvssMetricV31,NETWORK,LOW,NONE,NONE,HIGH,NONE,HIGH,9.1,CRITICAL,Out-of-bounds Read,2020-04-01
5133,CVE-2019-14020,2020,04,4/5/20,,A-142271277,,,High,,Closed-source component,,"Multiple Read overflows issue due to improper length check while decoding dedicated_eps_bearer_req/ act_def_context_req/ cs_serv_notification/ emm_info/ guti_realloc_cmd in Snapdragon Auto, Snapdragon Compute, Snapdragon Consumer IOT, Snapdragon Industrial IOT, Snapdragon Mobile, Snapdragon Wearables in APQ8053, APQ8076, APQ8096, APQ8096AU, APQ8098, MDM9150, MDM9205, MDM9206, MDM9607, MDM9615, MDM9625, MDM9635M, MDM9640, MDM9645, MDM9650, MDM9655, MSM8905, MSM8909, MSM8909W, MSM8917, MSM8920, MSM8937, MSM8940, MSM8953, MSM8996AU, MSM8998, Nicobar, QCM2150, QCS605, QM215, Rennell, SC7180, SC8180X, SDA660, SDA845, SDM429, SDM429W, SDM439, SDM450, SDM630, SDM632, SDM636, SDM660, SDM670, SDM710, SDM845, SDM850, SDX20, SDX24, SDX55, SM6150, SM7150, SM8150, SXR1130",,2020-04-16T11:15:14.603,2020-04-22T16:33:49.170,CWE-125,cvssMetricV31,NETWORK,LOW,NONE,NONE,HIGH,NONE,HIGH,9.1,CRITICAL,Out-of-bounds Read,2020-04-01
5134,CVE-2019-14021,2020,04,4/5/20,,A-142271809,,,High,,Closed-source component,,"Possible buffer overrun when processing EFS filename and payload sent over diag interface due to lack of check for filename length and payload size received in Snapdragon Auto, Snapdragon Compute, Snapdragon Consumer IOT, Snapdragon Industrial IOT, Snapdragon Mobile, Snapdragon Wearables in APQ8096AU, APQ8098, MDM9150, MDM9206, MDM9607, MDM9640, MDM9650, MSM8905, MSM8909, MSM8909W, MSM8917, MSM8920, MSM8937, MSM8940, MSM8953, MSM8996AU, MSM8998, Nicobar, QCM2150, QCS605, QM215, Rennell, SC7180, SC8180X, SDA660, SDA845, SDM429, SDM429W, SDM439, SDM450, SDM630, SDM632, SDM636, SDM660, SDM670, SDM710, SDM845, SDM850, SDX20, SDX24, SDX55, SM6150, SM7150, SM8150, SXR1130",,2020-04-16T11:15:14.650,2020-04-22T19:33:50.050,CWE-120,cvssMetricV31,LOCAL,LOW,LOW,NONE,HIGH,HIGH,HIGH,7.8,HIGH,Buffer Copy without Checking Size of Input ('Classic Buffer Overflow'),2020-04-01
5135,CVE-2019-14022,2020,04,4/5/20,,A-142271458,,,High,,Closed-source component,,"Error occurs While extracting the ipv6_header having an invalid length due to lack of length check in Snapdragon Auto, Snapdragon Compute, Snapdragon Consumer IOT, Snapdragon Industrial IOT, Snapdragon Mobile, Snapdragon Wearables in APQ8096AU, MDM9205, MDM9206, MDM9607, MDM9640, MDM9650, MSM8905, MSM8909, MSM8917, MSM8920, MSM8937, MSM8940, MSM8953, MSM8996AU, Nicobar, QCM2150, QCS605, QM215, Rennell, SC7180, SC8180X, SDA660, SDA845, SDM429, SDM439, SDM450, SDM630, SDM632, SDM636, SDM660, SDM670, SDM710, SDM845, SDM850, SDX24, SDX55, SM6150, SM7150, SM8150, SXR1130",,2020-04-16T11:15:14.730,2020-04-22T15:53:41.453,CWE-617,cvssMetricV31,NETWORK,LOW,NONE,NONE,NONE,NONE,HIGH,7.5,HIGH,Reachable Assertion,2020-04-01
5136,CVE-2019-14033,2020,04,4/5/20,,A-142271279,,,High,,Closed-source component,,"Multiple Read overflows issue due to improper length check while decoding tau reject/tau accept/detach request/attach reject/attach accept in Snapdragon Auto, Snapdragon Compute, Snapdragon Consumer IOT, Snapdragon Industrial IOT, Snapdragon Mobile, Snapdragon Wearables in APQ8053, APQ8096, APQ8096AU, APQ8098, MDM9150, MDM9205, MDM9206, MDM9607, MDM9615, MDM9625, MDM9635M, MDM9640, MDM9645, MDM9650, MDM9655, MSM8905, MSM8909, MSM8909W, MSM8917, MSM8920, MSM8937, MSM8940, MSM8953, MSM8996AU, MSM8998, Nicobar, QCM2150, QCS605, QM215, Rennell, SC7180, SC8180X, SDA660, SDA845, SDM429, SDM429W, SDM439, SDM450, SDM630, SDM632, SDM636, SDM660, SDM670, SDM710, SDM845, SDM850, SDX20, SDX24, SDX55, SM6150, SM7150, SM8150, SXR1130",,2020-04-16T11:15:14.777,2020-04-22T16:18:56.677,CWE-125,cvssMetricV31,NETWORK,LOW,NONE,NONE,HIGH,NONE,HIGH,9.1,CRITICAL,Out-of-bounds Read,2020-04-01
5137,CVE-2019-14075,2020,04,4/5/20,,A-145546514,,,High,,Closed-source component,,"Null pointer dereference issue in radio interface layer due to lack of null check in sapmodule destructor in Snapdragon Auto, Snapdragon Consumer IOT, Snapdragon Industrial IOT, Snapdragon Mobile in MDM9607, MSM8917, MSM8920, MSM8937, MSM8940, MSM8953, MSM8998, Nicobar, QCS605, Rennell, Saipan, SDM450, SDM630, SDM636, SDM660, SDM670, SDM710, SM6150, SM7150, SM8150, SM8250, SXR2130",,2020-04-16T11:15:14.887,2020-04-22T12:23:28.130,CWE-476,cvssMetricV31,LOCAL,LOW,LOW,NONE,NONE,NONE,HIGH,5.5,MEDIUM,NULL Pointer Dereference,2020-04-01
5138,CVE-2019-14105,2020,04,4/5/20,,A-147104252,,,High,,Closed-source component,,"Kernel was reading the CSL defined reserved field as uint16 instead of uint32 which could lead to memory overflow in Snapdragon Industrial IOT, Snapdragon Mobile in SDA845, SDM845, SM8150",,2020-04-16T11:15:14.980,2020-04-22T14:08:21.487,CWE-787,cvssMetricV31,LOCAL,LOW,LOW,NONE,HIGH,HIGH,HIGH,7.8,HIGH,Out-of-bounds Write,2020-04-01
5139,CVE-2019-14127,2020,04,4/5/20,,A-147103871,,,High,,Closed-source component,,"Possible buffer overflow while playing mkv clip due to lack of validation of atom size buffer in Snapdragon Auto, Snapdragon Compute, Snapdragon Consumer IOT, Snapdragon Industrial IOT, Snapdragon Mobile, Snapdragon Voice & Music, Snapdragon Wearables in APQ8009, APQ8017, APQ8053, APQ8064, APQ8096AU, APQ8098, MDM9206, MDM9207C, MDM9607, MSM8905, MSM8909W, MSM8917, MSM8920, MSM8937, MSM8940, MSM8953, MSM8996AU, MSM8998, Nicobar, QCS605, QM215, Rennell, SA6155P, Saipan, SDA660, SDM429, SDM429W, SDM439, SDM450, SDM630, SDM632, SDM636, SDM660, SDM670, SDM710, SDM845, SDX20, SM6150, SM7150, SM8150, SM8250, SXR1130, SXR2130",,2020-04-16T11:15:15.417,2020-04-22T13:56:50.787,CWE-120,cvssMetricV31,NETWORK,LOW,NONE,NONE,HIGH,HIGH,HIGH,9.8,CRITICAL,Buffer Copy without Checking Size of Input ('Classic Buffer Overflow'),2020-04-01
5140,CVE-2019-14134,2020,04,4/5/20,,A-147102923,,,High,,Closed-source component,,"Possible out of bound access in WLAN handler when the received value of length in rx path is shorter than the expected value of country IE in Snapdragon Compute, Snapdragon Consumer IOT, Snapdragon Industrial IOT, Snapdragon Mobile, Snapdragon Wired Infrastructure and Networking in IPQ8074, QCA8081, QCS605, SDA845, SDM670, SDM710, SDM845, SDM850, SM6150, SM7150, SM8150, SXR1130",,2020-04-16T11:15:15.557,2020-04-21T19:06:03.337,CWE-125,cvssMetricV31,NETWORK,LOW,NONE,NONE,HIGH,HIGH,HIGH,9.8,CRITICAL,Out-of-bounds Read,2020-04-01
5141,CVE-2019-14135,2020,04,4/5/20,,A-147104050,,,High,,Closed-source component,,"Possible integer overflow to buffer overflow in WLAN while parsing nonstandard NAN IE messages. in Snapdragon Auto, Snapdragon Compute, Snapdragon Connectivity, Snapdragon Consumer Electronics Connectivity, Snapdragon Consumer IOT, Snapdragon Industrial IOT, Snapdragon Mobile, Snapdragon Voice & Music, Snapdragon Wired Infrastructure and Networking in APQ8009, APQ8017, APQ8053, APQ8096, APQ8096AU, IPQ8074, MDM9206, MDM9207C, MDM9607, MDM9640, MDM9650, MSM8996AU, QCA4010, QCA6174A, QCA6574AU, QCA6584AU, QCA8081, QCA9377, QCA9379, QCA9886, QCN7605, QCS405, QCS605, SA6155P, Saipan, SDA845, SDM660, SDM670, SDM710, SDM845, SDM850, SDX20, SDX24, SM6150, SM7150, SM8150, SXR1130",,2020-04-16T11:15:15.607,2021-07-21T11:39:23.747,CWE-120,cvssMetricV31,LOCAL,LOW,LOW,NONE,HIGH,HIGH,HIGH,7.8,HIGH,Buffer Copy without Checking Size of Input ('Classic Buffer Overflow'),2020-04-01
5141,CVE-2019-14135,2020,04,4/5/20,,A-147104050,,,High,,Closed-source component,,"Possible integer overflow to buffer overflow in WLAN while parsing nonstandard NAN IE messages. in Snapdragon Auto, Snapdragon Compute, Snapdragon Connectivity, Snapdragon Consumer Electronics Connectivity, Snapdragon Consumer IOT, Snapdragon Industrial IOT, Snapdragon Mobile, Snapdragon Voice & Music, Snapdragon Wired Infrastructure and Networking in APQ8009, APQ8017, APQ8053, APQ8096, APQ8096AU, IPQ8074, MDM9206, MDM9207C, MDM9607, MDM9640, MDM9650, MSM8996AU, QCA4010, QCA6174A, QCA6574AU, QCA6584AU, QCA8081, QCA9377, QCA9379, QCA9886, QCN7605, QCS405, QCS605, SA6155P, Saipan, SDA845, SDM660, SDM670, SDM710, SDM845, SDM850, SDX20, SDX24, SM6150, SM7150, SM8150, SXR1130",,2020-04-16T11:15:15.607,2021-07-21T11:39:23.747,CWE-190,cvssMetricV31,LOCAL,LOW,LOW,NONE,HIGH,HIGH,HIGH,7.8,HIGH,Integer Overflow or Wraparound,2020-04-01
