device,firmware_filename,date,file_size,downloads,download_link,link,region,country,spl,post_build,android_version
X Fold3 Pro,PD2337F_EX_A_14.0.7.10.W30.V000L1,6/7/24,5632M,1123,https://www.vivo.com/in/support/upgradePackageData?id=227,https://www.vivo.com/in/support/system-update,in,India,5/1/24,vivo/V2330i/V2330:14/UP1A.231005.007/compiler05222235:user/release-keys,Android 14
Y03,PD2327F_EX_A_14.0.10.3.W20.V000L1,4/18/24,4198.4M,810,https://www.vivo.com/id/support/upgradePackageData?id=2652,https://www.vivo.com/id/support/system-update,id,Indonesia,3/1/24,vivo/V2333/V2333:14/UP1A.231005.007/compiler03152132:user/release-keys,Android 14
Y100 5G,PD2341F_EX_A_14.0.8.12.W20.V000L1,4/18/24,4300.8M,430,https://www.vivo.com/id/support/upgradePackageData?id=2651,https://www.vivo.com/id/support/system-update,id,Indonesia,3/1/24,vivo/V2327/V2327:14/UP1A.231005.007/compiler04042135:user/release-keys,Android 14
Y100,PD2358F_EX_A_14.0.9.4.W20.V000L1,4/18/24,4096M,140,https://www.vivo.com/id/support/upgradePackageData?id=2650,https://www.vivo.com/id/support/system-update,id,Indonesia,3/1/24,vivo/V2342/V2342:14/UP1A.231005.007/compiler04031856:user/release-keys,Android 14
V30 Pro,PD2332F_EX_A_14.0.8.31.W20.V000L1,4/18/24,5120M,252,https://www.vivo.com/id/support/upgradePackageData?id=2649,https://www.vivo.com/id/support/system-update,id,Indonesia,2/1/24,vivo/V2319/V2319:14/UP1A.231005.007/compiler02291849:user/release-keys,Android 14
V30,PD2323F_EX_A_14.0.5.5.W20.V000L1,4/18/24,4812.8M,258,https://www.vivo.com/id/support/upgradePackageData?id=2648,https://www.vivo.com/id/support/system-update,id,Indonesia,1/1/24,vivo/V2318/V2318:14/UP1A.231005.007/compiler01182059:user/release-keys,Android 14
Y22s,PD2228F_EX_A_12.0.8.8.W30.V000L1,11/23/23,3686.4M,13,https://www.vivo.com/pt/support/upgradePackageData?id=251,https://www.vivo.com/pt/support/system-update,pt,Portugal,,,
V29,PD2283F_EX_A_13.0.12.8.W30.V000L1,11/23/23,5427.2M,6,https://www.vivo.com/pt/support/upgradePackageData?id=250,https://www.vivo.com/pt/support/system-update,pt,Portugal,,,
X90 Pro,PD2242F_EX_A_13.1.15.1.W30.V000L1,11/20/23,4812.8M,261,https://www.vivo.com/de/support/upgradePackageData?id=219,https://www.vivo.com/de/support/system-update,de,Germany,8/1/23,vivo/V2219/V2219:13/TP1A.220624.014/compiler08212224:user/release-keys,Android 13
V25 Pro,PD2204F_EX_A_12.0.9.0.W20.V000L1,11/13/23,4710.4M,2320,https://www.vivo.com/id/support/upgradePackageData?id=1897,https://www.vivo.com/id/support/system-update,id,Indonesia,10/1/22,vivo/V2158/V2158:12/SP1A.210812.003/compiler10211227:user/release-keys,Android 12
V25,PD2215F_EX_A_12.0.8.5.W20.V000L1,11/13/23,4608M,1224,https://www.vivo.com/id/support/upgradePackageData?id=1896,https://www.vivo.com/id/support/system-update,id,Indonesia,11/1/22,vivo/V2202/V2202:12/SP1A.210812.003/compiler11081123:user/release-keys,Android 12
V25e,PD2214F_EX_A_12.0.7.10.W20.V000L1,11/13/23,4505.6M,1016,https://www.vivo.com/id/support/upgradePackageData?id=1895,https://www.vivo.com/id/support/system-update,id,Indonesia,11/1/22,vivo/V2201/V2201:12/SP1A.210812.003/compiler11262008:user/release-keys,Android 12
X80,PD2183F_EX_A_13.1.3.8.W20.V000L1,11/13/23,5836.8M,575,https://www.vivo.com/id/support/upgradePackageData?id=1882,https://www.vivo.com/id/support/system-update,id,Indonesia,9/1/23,vivo/V2144/V2144:13/TP1A.220624.014/compiler09161028:user/release-keys,Android 13
X80 Pro,PD2185F_EX_A_13.1.11.21.W20.V000L1,11/13/23,5734.4M,485,https://www.vivo.com/id/support/upgradePackageData?id=1860,https://www.vivo.com/id/support/system-update,id,Indonesia,8/1/23,vivo/V2145/V2145:13/TP1A.220624.014/compiler08211620:user/release-keys,Android 13
V29 lite,PD2271F_EX_A_13.0.7.0.W30.V000L1,10/11/23,3891.2M,1,https://www.vivo.com/pt/support/upgradePackageData?id=244,https://www.vivo.com/pt/support/system-update,pt,Portugal,,,
Y36,PD2280F_EX_A_13.0.9.8.W30.V000L1,10/11/23,3891.2M,8,https://www.vivo.com/pt/support/upgradePackageData?id=243,https://www.vivo.com/pt/support/system-update,pt,Portugal,,,
Y16,PD2216F_EX_A_12.0.10.7.W30.V000L1,10/9/23,4505.6M,11,https://www.vivo.com/pt/support/upgradePackageData?id=242,https://www.vivo.com/pt/support/system-update,pt,Portugal,11/1/22,vivo/V2204/V2204:12/SP1A.210812.003/compiler11281624:user/release-keys,Android 12
X80 Pro,PD2185F_EX_A_12.0.14.1.W30.V000L1,10/9/23,5734.4M,33,https://www.vivo.com/pt/support/upgradePackageData?id=150,https://www.vivo.com/pt/support/system-update,pt,Portugal,11/1/22,vivo/V2145/V2145:12/SP1A.210812.003/compiler11081849:user/release-keys,Android 12
X90 Pro,PD2242F_EX_A_13.1.15.1.W30.V000L1,9/13/23,4812.8M,152,https://www.vivo.com/pl/support/upgradePackageData?id=207,https://www.vivo.com/pl/support/system-update,pl,Poland,8/1/23,vivo/V2219/V2219:13/TP1A.220624.014/compiler08212224:user/release-keys,Android 13
V27 5G,PD2269F_EX_A_13.0.9.32.W20.V000L1,8/7/23,5120M,3327,https://www.vivo.com/bd/support/upgradePackageData?id=2211,https://www.vivo.com/bd/support/system-update,bd,Bangladesh,7/1/23,vivo/V2231/V2231:13/TP1A.220624.014/compiler07061725:user/release-keys,Android 13
V27e,PD2268F_EX_A_13.0.10.3.W20.V000L1,8/7/23,4812.8M,802,https://www.vivo.com/bd/support/upgradePackageData?id=2204,https://www.vivo.com/bd/support/system-update,bd,Bangladesh,7/1/23,vivo/V2237/V2237:13/TP1A.220624.014/compiler07132114:user/release-keys,Android 13
X80,PD2183F_EX_A_12.0.13.10.W20.V000L1,8/7/23,5529.6M,756,https://www.vivo.com/bd/support/upgradePackageData?id=1841,https://www.vivo.com/bd/support/system-update,bd,Bangladesh,11/1/22,vivo/V2144/V2144:12/SP1A.210812.003/compiler11262048:user/release-keys,Android 12
X80,PD2183F_EX_A_12.0.13.10.W20.V000L1,8/7/23,5529.6M,756,https://www.vivo.com/bd/support/upgradePackageData?id=1841,https://www.vivo.com/bd/support/system-update,bd,Bangladesh,11/1/22,vivo/V2144/V2144:12/SP1A.210812.003/compiler11262048:user/release-keys,Android 12
X70 Pro 5G,PD2135F_EX_A_1.21.0,8/7/23,4608M,749,https://www.vivo.com/bd/support/upgradePackageData?id=1504,https://www.vivo.com/bd/support/system-update,bd,Bangladesh,2/1/22,vivo/2105/2105:11/RP1A.200720.012/compiler0211000108:user/release-keys,Android 11
Y16,PD2216F_EX_A_12.0.8.29.W30.V000L1,7/12/23,4505.6M,15,https://www.vivo.com/rs/support/upgradePackageData?id=183,https://www.vivo.com/rs/support/system-update,rs,Serbia,10/1/22,vivo/V2204/V2204:12/SP1A.210812.003/compiler10192307:user/release-keys,Android 12
Y16,PD2216F_EX_A_12.0.10.7.W30.V000L1,7/12/23,4505.6M,1,https://www.vivo.com/hr/support/upgradePackageData?id=216,https://www.vivo.com/hr/support/system-update,hr,Croatia,11/1/22,vivo/V2204/V2204:12/SP1A.210812.003/compiler11281624:user/release-keys,Android 12
Y16,PD2216F_EX_A_12.0.10.7.W30.V000L1,7/12/23,4505.6M,1,https://www.vivo.com/bg/support/upgradePackageData?id=215,https://www.vivo.com/bg/support/system-update,bg,Bulgaria,11/1/22,vivo/V2204/V2204:12/SP1A.210812.003/compiler11281624:user/release-keys,Android 12
Y22,PD2226F_EX_A_12.0.15.9.W20.V000L1,5/12/23,4198.4M,29,https://www.vivo.com/dz/support/upgradePackageData?id=2226,https://www.vivo.com/dz/support/system-update,dz,Algeria,1/1/23,vivo/V2207/V2207:12/SP1A.210812.003/compiler02131839:user/release-keys,Android 12
Y02,PD2236DF_EX_A_12.0.6.2.W20.V000L1,5/12/23,2867.2M,32,https://www.vivo.com/dz/support/upgradePackageData?id=2225,https://www.vivo.com/dz/support/system-update,dz,Algeria,2/1/23,vivo/V2236/V2236:12/SP1A.210812.003/compiler02081630:user/release-keys,Android 12
Y35,PD2225F_EX_A_13.1.1.9.W20.V000L1,5/12/23,4300.8M,22,https://www.vivo.com/dz/support/upgradePackageData?id=2224,https://www.vivo.com/dz/support/system-update,dz,Algeria,2/1/23,vivo/V2205/V2205:13/TP1A.220624.014/compiler02132138:user/release-keys,Android 13
Y35,PD2225F_EX_A_13.1.1.6.W30.V000L1,4/3/23,4710.4M,33,https://www.vivo.com/gr/support/upgradePackageData?id=217,https://www.vivo.com/gr/support/system-update,gr,Greece,12/1/22,vivo/V2205/V2205:13/TP1A.220624.014/compiler12132128:user/release-keys,Android 13
X90 Pro,PD2242F_EX_A_13.1.10.4.W30.V000L1,3/23/23,4812.8M,128,https://www.vivo.com/it/support/upgradePackageData?id=218,https://www.vivo.com/it/support/system-update,it,Italy,,,
X90 Pro,PD2242F_EX_A_13.1.10.4.W30.V000L1,3/23/23,4812.8M,64,https://www.vivo.com/at/support/upgradePackageData?id=220,https://www.vivo.com/at/support/system-update,at,Austria,,,
Y35,PD2225F_EX_A_13.1.1.6.W30.V000L1,3/13/23,4710.4M,40,https://www.vivo.com/it/support/upgradePackageData?id=212,https://www.vivo.com/it/support/system-update,it,Italy,12/1/22,vivo/V2205/V2205:13/TP1A.220624.014/compiler12132128:user/release-keys,Android 13
Y22s,PD2228F_EX_A_13.1.1.9.W30,3/13/23,3891.2M,29,https://www.vivo.com/it/support/upgradePackageData?id=211,https://www.vivo.com/it/support/system-update,it,Italy,,,
X80 Lite,PD2215F_EX_A_13.1.13.5.W30.V000L1,3/13/23,5017.6M,18,https://www.vivo.com/it/support/upgradePackageData?id=193,https://www.vivo.com/it/support/system-update,it,Italy,12/1/22,vivo/V2202/V2202:13/TP1A.220624.014/compiler12122001:user/release-keys,Android 13
Y22s,PD2228F_EX_A_13.1.1.9.W30.V000L1,3/13/23,3891.2M,3,https://www.vivo.com/bg/support/upgradePackageData?id=214,https://www.vivo.com/bg/support/system-update,bg,Bulgaria,1/1/23,vivo/V2206/V2206:13/TP1A.220624.014/compiler01042027:user/release-keys,Android 13
X90 Pro,PD2242F_EX_A_13.1.10.4.W30.V000L1,3/13/23,4812.8M,18,https://www.vivo.com/bg/support/upgradePackageData?id=210,https://www.vivo.com/bg/support/system-update,bg,Bulgaria,,,
X80 Lite,PD2215F_EX_A_12.0.8.5.W30.V000L1,3/13/23,4812.8M,2,https://www.vivo.com/bg/support/upgradePackageData?id=196,https://www.vivo.com/bg/support/system-update,bg,Bulgaria,,,
Y35,PD2225F_EX_A_12.0.8.6.W30.V000L1,3/13/23,4505.6M,0,https://www.vivo.com/bg/support/upgradePackageData?id=195,https://www.vivo.com/bg/support/system-update,bg,Bulgaria,10/1/22,vivo/V2205/V2205:12/SP1A.210812.003/compiler10241505:user/release-keys,Android 12
X90 Pro,PD2242F_EX_A_13.1.10.4.W30.V000L1,3/10/23,4812.8M,10,https://www.vivo.com/ro/support/upgradePackageData?id=209,https://www.vivo.com/ro/support/system-update,ro,Romania,,,
X80 Lite,PD2215F_EX_A_13.1.13.5.W30.V000L1,3/10/23,5017.6M,2,https://www.vivo.com/ro/support/upgradePackageData?id=194,https://www.vivo.com/ro/support/system-update,ro,Romania,12/1/22,vivo/V2202/V2202:13/TP1A.220624.014/compiler12122001:user/release-keys,Android 13
X90 Pro,PD2242F_EX_A_13.1.10.4.W30.V000L1,3/9/23,4812.8M,119,https://www.vivo.com/gr/support/upgradePackageData?id=208,https://www.vivo.com/gr/support/system-update,gr,Greece,,,
X90 Pro,PD2242BF_EX_A_13.1.11.3.W30.V000L1,3/2/23,4812.8M,18,https://www.vivo.com/rs/support/upgradePackageData?id=205,https://www.vivo.com/rs/support/system-update,rs,Serbia,,,
X90 Pro,PD2242F_EX_A_13.1.10.4.W30.V000L1,3/2/23,4812.8M,274,https://www.vivo.com/fr/support/upgradePackageData?id=206,https://www.vivo.com/fr/support/system-update,fr,France,,,
Y35,PD2225F_EX_A_13.1.1.6.W30.V000L1.W30.V000L1,3/1/23,4710.4M,15,https://www.vivo.com/rs/support/upgradePackageData?id=191,https://www.vivo.com/rs/support/system-update,rs,Serbia,,,
Y22s,PD2228F_EX_A_13.1.1.9.W30,3/1/23,3891.2M,21,https://www.vivo.com/rs/support/upgradePackageData?id=174,https://www.vivo.com/rs/support/system-update,rs,Serbia,,,
X80 Lite,PD2215F_EX_A_13.1.13.10.W30.V000L1,3/1/23,5017.6M,21,https://www.vivo.com/rs/support/upgradePackageData?id=168,https://www.vivo.com/rs/support/system-update,rs,Serbia,1/1/23,vivo/V2202/V2202:13/TP1A.220624.014/compiler01041925:user/release-keys,Android 13
X80 Pro,PD2185F_EX_A_13.1.11.7.W30.V000L1,3/1/23,5939.2M,32,https://www.vivo.com/rs/support/upgradePackageData?id=148,https://www.vivo.com/rs/support/system-update,rs,Serbia,1/1/23,vivo/V2145/V2145:13/TP1A.220624.014/compiler01101954:user/release-keys,Android 13
X80 Lite,PD2215F_EX_A_13.1.13.5.W30.V000L1,2/27/23,5017.6M,5,https://www.vivo.com/si/support/upgradePackageData?id=204,https://www.vivo.com/si/support/system-update,si,Slovenia,12/1/22,vivo/V2202/V2202:13/TP1A.220624.014/compiler12122001:user/release-keys,Android 13
Y35,PD2225F_EX_A_12.0.8.6.W30.V000L1,2/27/23,4505.6M,5,https://www.vivo.com/si/support/upgradePackageData?id=200,https://www.vivo.com/si/support/system-update,si,Slovenia,10/1/22,vivo/V2205/V2205:12/SP1A.210812.003/compiler10241505:user/release-keys,Android 12
X90 Pro,PD2242F_EX_A_13.1.10.4.W30.V000L1,2/24/23,4812.8M,73,https://www.vivo.com/cz/support/upgradePackageData?id=202,https://www.vivo.com/cz/support/system-update,cz,Czech Republic,,,
X80 Pro,PD2185F_EX_A_13.1.11.7.W30.V000L1,2/21/23,5939.2M,346,https://www.vivo.com/pl/support/upgradePackageData?id=161,https://www.vivo.com/pl/support/system-update,pl,Poland,1/1/23,vivo/V2145/V2145:13/TP1A.220624.014/compiler01101954:user/release-keys,Android 13
Y21s,PD2138F_EX_A_36.22.2,2/21/23,4198.4M,665,https://www.vivo.com/pl/support/upgradePackageData?id=69,https://www.vivo.com/pl/support/system-update,pl,Poland,1/1/23,vivo/2110/2110:12/SP1A.210812.003/compiler01130002:user/release-keys,Android 12
X80 Pro,PD2185F_EX_A_13.1.11.7.W30.V000L1,2/21/23,5939.2M,232,https://www.vivo.com/fr/support/upgradePackageData?id=157,https://www.vivo.com/fr/support/system-update,fr,France,1/1/23,vivo/V2145/V2145:13/TP1A.220624.014/compiler01101954:user/release-keys,Android 13
Y55 5G,PD2166F_EX_A_3.19.10,2/21/23,4403.2M,174,https://www.vivo.com/fr/support/upgradePackageData?id=138,https://www.vivo.com/fr/support/system-update,fr,France,,,
Y21s,PD2138F_EX_A_36.22.2,2/21/23,4198.4M,495,https://www.vivo.com/fr/support/upgradePackageData?id=62,https://www.vivo.com/fr/support/system-update,fr,France,1/1/23,vivo/2110/2110:12/SP1A.210812.003/compiler01130002:user/release-keys,Android 12
X80 Pro,PD2185F_EX_A_13.1.11.7.W30.V000L1,2/21/23,5939.2M,383,https://www.vivo.com/de/support/upgradePackageData?id=158,https://www.vivo.com/de/support/system-update,de,Germany,1/1/23,vivo/V2145/V2145:13/TP1A.220624.014/compiler01101954:user/release-keys,Android 13
Y21s,PD2138F_EX_A_36.22.2,2/21/23,4198.4M,56,https://www.vivo.com/de/support/upgradePackageData?id=80,https://www.vivo.com/de/support/system-update,de,Germany,1/1/23,vivo/2110/2110:12/SP1A.210812.003/compiler01130002:user/release-keys,Android 12
Y55 5G,PD2166F_EX_A_3.18.3,2/2/23,4300.8M,166,https://www.vivo.com/pe/support/upgradePackageData?id=9,https://www.vivo.com/pe/support/system-update,pe,Peru,,,
Y15s,PD2140IF_EX_A_36.22.1,2/2/23,3174.4M,25,https://www.vivo.com/pe/support/upgradePackageData?id=7,https://www.vivo.com/pe/support/system-update,pe,Peru,,,
Y51,PD2050F_EX_A_36.6.3,2/2/23,3276.8M,74,https://www.vivo.com/pe/support/upgradePackageData?id=6,https://www.vivo.com/pe/support/system-update,pe,Peru,,,
Y53s,PD2103F_EX_A_3.7.16,2/2/23,5222.4M,204,https://www.vivo.com/pe/support/upgradePackageData?id=4,https://www.vivo.com/pe/support/system-update,pe,Peru,4/1/22,vivo/2058/2058:11/RP1A.200720.012/compiler0419104730:user/release-keys,Android 11
Y55 5G,PD2166F_EX_A_3.19.7,1/16/23,4403.2M,4,https://www.vivo.com/ro/support/upgradePackageData?id=164,https://www.vivo.com/ro/support/system-update,ro,Romania,,,
X80 Pro,PD2185F_EX_A_13.1.11.1.W30.V000L1,1/16/23,5939.2M,39,https://www.vivo.com/ro/support/upgradePackageData?id=146,https://www.vivo.com/ro/support/system-update,ro,Romania,12/1/22,vivo/V2145/V2145:13/TP1A.220624.014/compiler12141954:user/release-keys,Android 13
V23 5G,PD2167BF_EX_A_13.1.14.0.W30.V000L1,1/16/23,4812.8M,11,https://www.vivo.com/ro/support/upgradePackageData?id=114,https://www.vivo.com/ro/support/system-update,ro,Romania,,,
Y33s,PD2147F_EX_A_36.21.3,1/16/23,4096M,9,https://www.vivo.com/ro/support/upgradePackageData?id=89,https://www.vivo.com/ro/support/system-update,ro,Romania,12/1/22,vivo/2109/2109:12/SP1A.210812.003/compiler12091555:user/release-keys,Android 12
Y21s,PD2138F_EX_A_36.21.1,1/16/23,4096M,14,https://www.vivo.com/ro/support/upgradePackageData?id=88,https://www.vivo.com/ro/support/system-update,ro,Romania,,,
V21 5G,PD2083F_EX_A_36.9.22,1/16/23,4096M,28,https://www.vivo.com/ro/support/upgradePackageData?id=59,https://www.vivo.com/ro/support/system-update,ro,Romania,,,
V23 5G,PD2167BF_EX_A_13.1.14.0.W30.V000L1,1/16/23,4812.8M,251,https://www.vivo.com/pl/support/upgradePackageData?id=124,https://www.vivo.com/pl/support/system-update,pl,Poland,,,
Y76 5G,PD2156F_EX_A_36.10.55,1/16/23,3788.8M,182,https://www.vivo.com/pl/support/upgradePackageData?id=99,https://www.vivo.com/pl/support/system-update,pl,Poland,11/1/22,vivo/2124N/2124:12/SP1A.210812.003/compiler11211917:user/release-keys,Android 12
Y52 5G,PD2069F_EX_A_36.9.48,1/16/23,3481.6M,321,https://www.vivo.com/pl/support/upgradePackageData?id=71,https://www.vivo.com/pl/support/system-update,pl,Poland,,,
Y33s,PD2147F_EX_A_36.21.4,1/16/23,4096M,1348,https://www.vivo.com/pl/support/upgradePackageData?id=70,https://www.vivo.com/pl/support/system-update,pl,Poland,,,
V21 5G,PD2083F_EX_A_36.9.22,1/16/23,4096M,1433,https://www.vivo.com/pl/support/upgradePackageData?id=58,https://www.vivo.com/pl/support/system-update,pl,Poland,,,
X80 Pro,PD2185F_EX_A_13.1.11.1.W30.V000L1,1/16/23,5939.2M,376,https://www.vivo.com/it/support/upgradePackageData?id=159,https://www.vivo.com/it/support/system-update,it,Italy,12/1/22,vivo/V2145/V2145:13/TP1A.220624.014/compiler12141954:user/release-keys,Android 13
Y76 5G,PD2156F_EX_A_36.10.55,1/16/23,3788.8M,227,https://www.vivo.com/it/support/upgradePackageData?id=121,https://www.vivo.com/it/support/system-update,it,Italy,11/1/22,vivo/2124N/2124:12/SP1A.210812.003/compiler11211917:user/release-keys,Android 12
Y33s,PD2147F_EX_A_36.21.3,1/16/23,4096M,535,https://www.vivo.com/fr/support/upgradePackageData?id=61,https://www.vivo.com/fr/support/system-update,fr,France,12/1/22,vivo/2109/2109:12/SP1A.210812.003/compiler12091555:user/release-keys,Android 12
V23 5G,PD2167BF_EX_A_13.1.14.0.W30.V000L1,1/16/23,4608M,135,https://www.vivo.com/fr/support/upgradePackageData?id=47,https://www.vivo.com/fr/support/system-update,fr,France,,,
V23 5G,PD2167BF_EX_A_13.1.14.0.W30.V000L1,1/16/23,4812.8M,100,https://www.vivo.com/de/support/upgradePackageData?id=119,https://www.vivo.com/de/support/system-update,de,Germany,,,
Y76 5G,PD2156F_EX_A_36.10.55,1/16/23,3788.8M,177,https://www.vivo.com/de/support/upgradePackageData?id=101,https://www.vivo.com/de/support/system-update,de,Germany,11/1/22,vivo/2124N/2124:12/SP1A.210812.003/compiler11211917:user/release-keys,Android 12
Y33s,PD2147F_EX_A_36.21.3,1/16/23,4096M,128,https://www.vivo.com/de/support/upgradePackageData?id=81,https://www.vivo.com/de/support/system-update,de,Germany,12/1/22,vivo/2109/2109:12/SP1A.210812.003/compiler12091555:user/release-keys,Android 12
Y02,PD2236F_EX_A_12.0.6.8.W20.V000L1,1/12/23,2764.8M,11,https://www.vivo.com/tn/support/upgradePackageData?id=2112,https://www.vivo.com/tn/support/system-update,tn,Tunisia,12/1/22,vivo/V2217/V2217:12/SP1A.210812.003/compiler12221711:user/release-keys,Android 12
Y22,PD2226F_EX_A_12.0.15.2.W20.V000L1,1/12/23,4198.4M,22,https://www.vivo.com/tn/support/upgradePackageData?id=2111,https://www.vivo.com/tn/support/system-update,tn,Tunisia,12/1/22,vivo/V2207/V2207:12/SP1A.210812.003/compiler12171243:user/release-keys,Android 12
Y35,PD2225F_EX_A_12.0.10.4.W20.V000L1,1/12/23,4198.4M,4,https://www.vivo.com/tn/support/upgradePackageData?id=2110,https://www.vivo.com/tn/support/system-update,tn,Tunisia,12/1/22,vivo/V2205/V2205:12/SP1A.210812.003/compiler12131416:user/release-keys,Android 12
Y02s,PD2216F_EX_A_12.0.10.6.W20.V000L1,1/12/23,4300.8M,13,https://www.vivo.com/tn/support/upgradePackageData?id=1979,https://www.vivo.com/tn/support/system-update,tn,Tunisia,11/1/22,vivo/V2204/V2204:12/SP1A.210812.003/compiler11281631:user/release-keys,Android 12
V23 5G,PD2167F_EX_A_13.1.14.0.W20.V000L1,1/12/23,4608M,21,https://www.vivo.com/tn/support/upgradePackageData?id=1812,https://www.vivo.com/tn/support/system-update,tn,Tunisia,12/1/22,vivo/2130/2130:13/TP1A.220624.014/compiler12091522:user/release-keys,Android 13
V25,PD2215F_EX_A_13.1.13.5.W30.V000L1,1/12/23,5017.6M,15918,https://www.vivo.com/in/support/upgradePackageData?id=188,https://www.vivo.com/in/support/system-update,in,India,12/1/22,vivo/V2202/V2202:13/TP1A.220624.014/compiler12122001:user/release-keys,Android 13
V25 Pro,PD2204F_EX_A_12.0.8.22.W30.V000L1,1/12/23,4915.2M,18552,https://www.vivo.com/in/support/upgradePackageData?id=187,https://www.vivo.com/in/support/system-update,in,India,11/1/22,vivo/V2158/V2158:12/SP1A.210812.003/compiler11141847:user/release-keys,Android 12
X80 Pro,PD2185F_EX_A_13.1.11.1.W30.V000L1,1/12/23,5939.2M,10592,https://www.vivo.com/in/support/upgradePackageData?id=183,https://www.vivo.com/in/support/system-update,in,India,12/1/22,vivo/V2145/V2145:13/TP1A.220624.014/compiler12141954:user/release-keys,Android 13
X80,PD2183F_EX_A_12.0.13.12.W30.V000L1,1/12/23,5734.4M,7814,https://www.vivo.com/in/support/upgradePackageData?id=182,https://www.vivo.com/in/support/system-update,in,India,,,
V23e 5G,PD2159F_EX_A_3.13.3,1/12/23,4300.8M,15583,https://www.vivo.com/in/support/upgradePackageData?id=176,https://www.vivo.com/in/support/system-update,in,India,,,
V23 5G,PD2167BF_EX_A_13.1.14.0.W30.V000L1,1/12/23,4812.8M,20587,https://www.vivo.com/in/support/upgradePackageData?id=144,https://www.vivo.com/in/support/system-update,in,India,,,
V23 Pro,PD2163F_EX_A_3.15.4,1/12/23,4403.2M,20028,https://www.vivo.com/in/support/upgradePackageData?id=143,https://www.vivo.com/in/support/system-update,in,India,11/1/22,vivo/2132i/2132:12/SP1A.210812.003/compiler11031742:user/release-keys,Android 12
X70 Pro +,PD2145F_EX_A_38.4.2,1/12/23,5632M,8106,https://www.vivo.com/in/support/upgradePackageData?id=132,https://www.vivo.com/in/support/system-update,in,India,12/1/22,vivo/2114i/2114:13/TP1A.220624.014/compiler12161134:user/release-keys,Android 13
X70 Pro,PD2135F_EX_A_36.13.14,1/12/23,5017.6M,9350,https://www.vivo.com/in/support/upgradePackageData?id=131,https://www.vivo.com/in/support/system-update,in,India,10/1/22,vivo/2105/2105:12/SP1A.210812.003/compiler10181137:user/release-keys,Android 12
V25e,PD2214F_EX_A_12.0.7.10.W20.V000L1,1/11/23,4505.6M,129,https://www.vivo.com/ke/en/support/upgradePackageData?id=2090,https://www.vivo.com/ke/support/system-update,ke,Kenya,11/1/22,vivo/V2201/V2201:12/SP1A.210812.003/compiler11262008:user/release-keys,Android 12
Y16,PD2216F_EX_A_12.0.10.6.W20.V000L1,1/11/23,4300.8M,189,https://www.vivo.com/ke/en/support/upgradePackageData?id=2089,https://www.vivo.com/ke/support/system-update,ke,Kenya,11/1/22,vivo/V2204/V2204:12/SP1A.210812.003/compiler11281631:user/release-keys,Android 12
Y22,PD2226F_EX_A_12.0.15.2.W20.V000L1,1/11/23,4198.4M,86,https://www.vivo.com/ke/en/support/upgradePackageData?id=2088,https://www.vivo.com/ke/support/system-update,ke,Kenya,12/1/22,vivo/V2207/V2207:12/SP1A.210812.003/compiler12171243:user/release-keys,Android 12
Y35,PD2225F_EX_A_12.0.10.4.W20.V000L1,1/11/23,4198.4M,61,https://www.vivo.com/ke/en/support/upgradePackageData?id=2087,https://www.vivo.com/ke/support/system-update,ke,Kenya,12/1/22,vivo/V2205/V2205:12/SP1A.210812.003/compiler12131416:user/release-keys,Android 12
Y02,PD2236F_EX_A_12.0.6.8.W20.V000L1,1/11/23,2764.8M,82,https://www.vivo.com/ke/en/support/upgradePackageData?id=2086,https://www.vivo.com/ke/support/system-update,ke,Kenya,12/1/22,vivo/V2217/V2217:12/SP1A.210812.003/compiler12221711:user/release-keys,Android 12
V25,PD2215F_EX_A_13.1.13.5.W20.V000L1,1/11/23,4710.4M,63,https://www.vivo.com/ke/en/support/upgradePackageData?id=1938,https://www.vivo.com/ke/support/system-update,ke,Kenya,12/1/22,vivo/V2202/V2202:13/TP1A.220624.014/compiler12122019:user/release-keys,Android 13
V23 5G,PD2167F_EX_A_13.1.14.0.W20.V000L1,1/11/23,4608M,77,https://www.vivo.com/ke/en/support/upgradePackageData?id=1693,https://www.vivo.com/ke/support/system-update,ke,Kenya,12/1/22,vivo/2130/2130:13/TP1A.220624.014/compiler12091522:user/release-keys,Android 13
V23e,PD2150F_EX_A_6.18.0,1/11/23,3788.8M,53,https://www.vivo.com/ke/en/support/upgradePackageData?id=1692,https://www.vivo.com/ke/support/system-update,ke,Kenya,10/1/22,vivo/2116/2116:12/SP1A.210812.003/compiler10111644:user/release-keys,Android 12
X80 Pro,PD2185F_EX_A_12.0.14.1.W30.V000L1,12/16/22,5734.4M,294,https://www.vivo.com/uk/support/upgradePackageData?id=10,https://www.vivo.com/uk/support/system-update,uk,United Kingdom,11/1/22,vivo/V2145/V2145:12/SP1A.210812.003/compiler11081849:user/release-keys,Android 12
V23 5G,PD2167F_EX_A_12.0.14.8.W30.V000L1,12/16/22,4608M,203,https://www.vivo.com/uk/support/upgradePackageData?id=9,https://www.vivo.com/uk/support/system-update,uk,United Kingdom,,,
V21 5G,PD2083F_EX_A_36.9.21,12/16/22,4096M,470,https://www.vivo.com/uk/support/upgradePackageData?id=7,https://www.vivo.com/uk/support/system-update,uk,United Kingdom,11/1/22,vivo/2050/2050:12/SP1A.210812.003/compiler11041729:user/release-keys,Android 12
Y72 5G,PD2069F_EX_A_36.9.46,12/16/22,3481.6M,695,https://www.vivo.com/uk/support/upgradePackageData?id=5,https://www.vivo.com/uk/support/system-update,uk,United Kingdom,11/1/22,vivo/2041/2041:12/SP1A.210812.003/compiler11162128:user/release-keys,Android 12
Y11s,PD2042F_EX_A_38.16.8,12/16/22,3379.2M,377,https://www.vivo.com/uk/support/upgradePackageData?id=4,https://www.vivo.com/uk/support/system-update,uk,United Kingdom,11/1/22,vivo/2028/2028:12/SP1A.210812.003/compiler11031738:user/release-keys,Android 12
X80 Pro,PD2185F_EX_A_12.0.14.1.W30.V000L1,12/16/22,5734.4M,22,https://www.vivo.com/sk/support/upgradePackageData?id=155,https://www.vivo.com/sk/support/system-update,sk,Slovakia,11/1/22,vivo/V2145/V2145:12/SP1A.210812.003/compiler11081849:user/release-keys,Android 12
X80 Pro,PD2185F_EX_A_12.0.14.1.W30.V000L,12/16/22,5734.4M,7,https://www.vivo.com/si/support/upgradePackageData?id=154,https://www.vivo.com/si/support/system-update,si,Slovenia,,,
X60 Pro,PD2059F_EX_A_36.7.14,12/16/22,3891.2M,50,https://www.vivo.com/pt/support/upgradePackageData?id=95,https://www.vivo.com/pt/support/system-update,pt,Portugal,11/1/22,vivo/2046/2046:12/SP1A.210812.003/compiler11041608:user/release-keys,Android 12
V21 5G,PD2083F_EX_A_36.9.21,12/16/22,4096M,9,https://www.vivo.com/pt/support/upgradePackageData?id=94,https://www.vivo.com/pt/support/system-update,pt,Portugal,11/1/22,vivo/2050/2050:12/SP1A.210812.003/compiler11041729:user/release-keys,Android 12
Y72 5G,PD2069F_EX_A_36.9.46,12/16/22,3481.6M,19,https://www.vivo.com/pt/support/upgradePackageData?id=92,https://www.vivo.com/pt/support/system-update,pt,Portugal,11/1/22,vivo/2041/2041:12/SP1A.210812.003/compiler11162128:user/release-keys,Android 12
Y35,PD2225F_EX_A_12.0.8.6.W30.V000L1,12/16/22,4505.6M,108,https://www.vivo.com/pe/support/upgradePackageData?id=11,https://www.vivo.com/pe/support/system-update,pe,Peru,10/1/22,vivo/V2205/V2205:12/SP1A.210812.003/compiler10241505:user/release-keys,Android 12
Y21s,D2138F_EX_A_36.19.1,12/16/22,4096M,118,https://www.vivo.com/pe/support/upgradePackageData?id=5,https://www.vivo.com/pe/support/system-update,pe,Peru,,,
V21 5G,PD2083F_EX_A_36.9.21,12/16/22,4096M,183,https://www.vivo.com/pe/support/upgradePackageData?id=3,https://www.vivo.com/pe/support/system-update,pe,Peru,11/1/22,vivo/2050/2050:12/SP1A.210812.003/compiler11041729:user/release-keys,Android 12
Y11s,PD2042F_EX_A_38.16.8,12/16/22,3379.2M,86,https://www.vivo.com/pe/support/upgradePackageData?id=2,https://www.vivo.com/pe/support/system-update,pe,Peru,11/1/22,vivo/2028/2028:12/SP1A.210812.003/compiler11031738:user/release-keys,Android 12
Y20,PD2034EF_EX_A_38.16.8,12/16/22,3481.6M,190,https://www.vivo.com/pe/support/upgradePackageData?id=1,https://www.vivo.com/pe/support/system-update,pe,Peru,11/1/22,vivo/2027N_EEA/2027:12/SP1A.210812.003/compiler11031732:user/release-keys,Android 12
Y22s,PD2228F_EX_A_12.0.8.6.W30.V000L1,12/16/22,4096M,10,https://www.vivo.com/il/support/upgradePackageData?id=18,https://www.vivo.com/il/support/system-update,il,Israel,11/1/22,vivo/V2206/V2206:12/SP1A.210812.003/compiler11091339:user/release-keys,Android 12
Y35,PD2225F_EX_A_12.0.8.6.W30.V000L1,12/16/22,4505.6M,6,https://www.vivo.com/il/support/upgradePackageData?id=17,https://www.vivo.com/il/support/system-update,il,Israel,10/1/22,vivo/V2205/V2205:12/SP1A.210812.003/compiler10241505:user/release-keys,Android 12
Y21,PD2139F_EX_A_36.19.7,12/16/22,3891.2M,20,https://www.vivo.com/il/support/upgradePackageData?id=15,https://www.vivo.com/il/support/system-update,il,Israel,9/1/22,vivo/2111/2111:12/SP1A.210812.003/compiler09142114:user/release-keys,Android 12
Y76 5G,PD2156F_EX_A_36.10.50,12/16/22,3788.8M,13,https://www.vivo.com/il/support/upgradePackageData?id=13,https://www.vivo.com/il/support/system-update,il,Israel,10/1/22,vivo/2124N/2124:12/SP1A.210812.003/compiler10141916:user/release-keys,Android 12
X80 Pro,PD2185F_EX_A_12.0.14.1.W30.V000L1,12/16/22,5734.4M,3,https://www.vivo.com/hr/support/upgradePackageData?id=153,https://www.vivo.com/hr/support/system-update,hr,Croatia,11/1/22,vivo/V2145/V2145:12/SP1A.210812.003/compiler11081849:user/release-keys,Android 12
X80 Pro,PD2185F_EX_A_12.0.14.1.W30.V000L1,12/16/22,5734.4M,89,https://www.vivo.com/gr/support/upgradePackageData?id=151,https://www.vivo.com/gr/support/system-update,gr,Greece,11/1/22,vivo/V2145/V2145:12/SP1A.210812.003/compiler11081849:user/release-keys,Android 12
Y21s,PD2138F_EX_A_36.19.1,12/16/22,4096M,351,https://www.vivo.com/cl/support/upgradePackageData?id=6,https://www.vivo.com/cl/support/system-update,cl,Chile,10/1/22,vivo/2110/2110:12/SP1A.210812.003/compiler10102057:user/release-keys,Android 12
Y20,PD2034EF_EX_A_38.16.8,12/16/22,4198.4M,463,https://www.vivo.com/cl/support/upgradePackageData?id=3,https://www.vivo.com/cl/support/system-update,cl,Chile,11/1/22,vivo/2027N_EEA/2027:12/SP1A.210812.003/compiler11031732:user/release-keys,Android 12
X80 Pro,PD2185F_EX_A_12.0.14.1.W30.V000L1,12/16/22,5734.4M,7,https://www.vivo.com/bg/support/upgradePackageData?id=152,https://www.vivo.com/bg/support/system-update,bg,Bulgaria,11/1/22,vivo/V2145/V2145:12/SP1A.210812.003/compiler11081849:user/release-keys,Android 12
Y33s,PD2147F_EX_A_36.19.1,12/16/22,4812.8M,513,https://www.vivo.com/au/support/upgradePackageData?id=14,https://www.vivo.com/au/support/system-update,au,Australia,10/1/22,vivo/2109/2109:12/SP1A.210812.003/compiler10102105:user/release-keys,Android 12
Y21,PD2139F_EX_A_36.19.7,12/16/22,3891.2M,527,https://www.vivo.com/au/support/upgradePackageData?id=13,https://www.vivo.com/au/support/system-update,au,Australia,9/1/22,vivo/2111/2111:12/SP1A.210812.003/compiler09142114:user/release-keys,Android 12
Y52 5G,PD2069F_EX_A_36.9.46,12/16/22,3584M,251,https://www.vivo.com/au/support/upgradePackageData?id=12,https://www.vivo.com/au/support/system-update,au,Australia,11/1/22,vivo/2041/2041:12/SP1A.210812.003/compiler11162128:user/release-keys,Android 12
Y11s,PD2042F_EX_A_38.16.8,12/16/22,3891.2M,700,https://www.vivo.com/au/support/upgradePackageData?id=10,https://www.vivo.com/au/support/system-update,au,Australia,11/1/22,vivo/2028/2028:12/SP1A.210812.003/compiler11031738:user/release-keys,Android 12
X60 Pro,PD2059F_EX_A_36.7.14,12/16/22,3891.2M,187,https://www.vivo.com/au/support/upgradePackageData?id=9,https://www.vivo.com/au/support/system-update,au,Australia,11/1/22,vivo/2046/2046:12/SP1A.210812.003/compiler11041608:user/release-keys,Android 12
Y20s,PD2034EF_EX_A_38.16.8,12/16/22,3481.6M,753,https://www.vivo.com/au/support/upgradePackageData?id=8,https://www.vivo.com/au/support/system-update,au,Australia,11/1/22,vivo/2027N_EEA/2027:12/SP1A.210812.003/compiler11031732:user/release-keys,Android 12
X80 Lite,PD2215F_EX_A_12.0.8.5.W30.V000L1,12/9/22,4812.8M,11,https://www.vivo.com/sk/support/upgradePackageData?id=167,https://www.vivo.com/sk/support/system-update,sk,Slovakia,,,
Y01,PD2140F_EX_A_36.25.1,12/9/22,3174.4M,19,https://www.vivo.com/sk/support/upgradePackageData?id=132,https://www.vivo.com/sk/support/system-update,sk,Slovakia,10/1/22,vivo/2020C/2120:12/SP1A.210812.003/compiler10142357:user/release-keys,Android 12
Y76 5G,PD2156F_EX_A_36.10.50,12/9/22,3788.8M,15,https://www.vivo.com/sk/support/upgradePackageData?id=131,https://www.vivo.com/sk/support/system-update,sk,Slovakia,10/1/22,vivo/2124N/2124:12/SP1A.210812.003/compiler10141916:user/release-keys,Android 12
V23 5G,PD2167F_EX_A_12.0.14.8.W30.V000L1,12/9/22,4608M,58,https://www.vivo.com/sk/support/upgradePackageData?id=130,https://www.vivo.com/sk/support/system-update,sk,Slovakia,,,
Y21,PD2139F_EX_A_36.19.7,12/9/22,3891.2M,2,https://www.vivo.com/si/support/upgradePackageData?id=143,https://www.vivo.com/si/support/system-update,si,Slovenia,9/1/22,vivo/2111/2111:12/SP1A.210812.003/compiler09142114:user/release-keys,Android 12
Y01,PD2140F_EX_A_36.25.1,12/9/22,3174.4M,1,https://www.vivo.com/si/support/upgradePackageData?id=142,https://www.vivo.com/si/support/system-update,si,Slovenia,10/1/22,vivo/2020C/2120:12/SP1A.210812.003/compiler10142357:user/release-keys,Android 12
Y01,PD2140F_EX_A_36.25.1,12/9/22,3174.4M,18,https://www.vivo.com/rs/support/upgradePackageData?id=98,https://www.vivo.com/rs/support/system-update,rs,Serbia,10/1/22,vivo/2020C/2120:12/SP1A.210812.003/compiler10142357:user/release-keys,Android 12
Y21,PD2139F_EX_A_36.19.7,12/9/22,3891.2M,7,https://www.vivo.com/ro/support/upgradePackageData?id=87,https://www.vivo.com/ro/support/system-update,ro,Romania,9/1/22,vivo/2111/2111:12/SP1A.210812.003/compiler09142114:user/release-keys,Android 12
Y21,PD2139F_EX_A_36.19.7,12/9/22,3891.2M,1,https://www.vivo.com/hr/support/upgradePackageData?id=140,https://www.vivo.com/hr/support/system-update,hr,Croatia,9/1/22,vivo/2111/2111:12/SP1A.210812.003/compiler09142114:user/release-keys,Android 12
Y01,PD2140F_EX_A_36.25.1,12/9/22,3174.4M,3,https://www.vivo.com/hr/support/upgradePackageData?id=135,https://www.vivo.com/hr/support/system-update,hr,Croatia,10/1/22,vivo/2020C/2120:12/SP1A.210812.003/compiler10142357:user/release-keys,Android 12
Y33s,PD2147F_EX_A_36.19.1,12/9/22,4915.2M,7,https://www.vivo.com/hr/support/upgradePackageData?id=134,https://www.vivo.com/hr/support/system-update,hr,Croatia,10/1/22,vivo/2109/2109:12/SP1A.210812.003/compiler10102105:user/release-keys,Android 12
Y21s,PD2138F_EX_A_36.19.1,12/9/22,4096M,3,https://www.vivo.com/hr/support/upgradePackageData?id=133,https://www.vivo.com/hr/support/system-update,hr,Croatia,10/1/22,vivo/2110/2110:12/SP1A.210812.003/compiler10102057:user/release-keys,Android 12
Y76 5G,PD2156F_EX_A_36.10.50,12/9/22,3788.8M,3,https://www.vivo.com/hr/support/upgradePackageData?id=113,https://www.vivo.com/hr/support/system-update,hr,Croatia,10/1/22,vivo/2124N/2124:12/SP1A.210812.003/compiler10141916:user/release-keys,Android 12
Y01,PD2140F_EX_A_36.25.1,12/9/22,3174.4M,28,https://www.vivo.com/gr/support/upgradePackageData?id=126,https://www.vivo.com/gr/support/system-update,gr,Greece,10/1/22,vivo/2020C/2120:12/SP1A.210812.003/compiler10142357:user/release-keys,Android 12
Y21s,PD2138F_EX_A_36.19.1,12/9/22,4096M,8,https://www.vivo.com/gr/support/upgradePackageData?id=125,https://www.vivo.com/gr/support/system-update,gr,Greece,10/1/22,vivo/2110/2110:12/SP1A.210812.003/compiler10102057:user/release-keys,Android 12
V23 5G,PD2167F_EX_A_12.0.14.8.W30.V000L1,12/9/22,4608M,26,https://www.vivo.com/gr/support/upgradePackageData?id=104,https://www.vivo.com/gr/support/system-update,gr,Greece,,,
Y21,PD2139F_EX_A_36.19.7,12/9/22,6041.6M,64,https://www.vivo.com/de/support/upgradePackageData?id=79,https://www.vivo.com/de/support/system-update,de,Germany,9/1/22,vivo/2111/2111:12/SP1A.210812.003/compiler09142114:user/release-keys,Android 12
Y33s,PD2147F_EX_A_36.19.1,12/9/22,4915.2M,15,https://www.vivo.com/bg/support/upgradePackageData?id=112,https://www.vivo.com/bg/support/system-update,bg,Bulgaria,10/1/22,vivo/2109/2109:12/SP1A.210812.003/compiler10102105:user/release-keys,Android 12
Y76 5G,PD2156F_EX_A_36.10.50,12/9/22,3788.8M,0,https://www.vivo.com/bg/support/upgradePackageData?id=111,https://www.vivo.com/bg/support/system-update,bg,Bulgaria,10/1/22,vivo/2124N/2124:12/SP1A.210812.003/compiler10141916:user/release-keys,Android 12
Y01,PD2140F_EX_A_36.25.1,12/9/22,3174.4M,3,https://www.vivo.com/bg/support/upgradePackageData?id=110,https://www.vivo.com/bg/support/system-update,bg,Bulgaria,10/1/22,vivo/2020C/2120:12/SP1A.210812.003/compiler10142357:user/release-keys,Android 12
V23 5G,PD2167F_EX_A_12.0.14.8.W30.V000L1,12/9/22,4608M,3,https://www.vivo.com/bg/support/upgradePackageData?id=108,https://www.vivo.com/bg/support/system-update,bg,Bulgaria,,,
Y01,PD2140F_EX_A_36.25.1,12/8/22,3174.4M,82,https://www.vivo.com/fr/support/upgradePackageData?id=145,https://www.vivo.com/fr/support/system-update,fr,France,10/1/22,vivo/2020C/2120:12/SP1A.210812.003/compiler10142357:user/release-keys,Android 12
Y21,PD2139F_EX_A_36.19.7,12/8/22,3891.2M,872,https://www.vivo.com/fr/support/upgradePackageData?id=63,https://www.vivo.com/fr/support/system-update,fr,France,9/1/22,vivo/2111/2111:12/SP1A.210812.003/compiler09142114:user/release-keys,Android 12
Y01,PD2140F_EX_A_36.25.1,12/7/22,3174.4M,419,https://www.vivo.com/pl/support/upgradePackageData?id=97,https://www.vivo.com/pl/support/system-update,pl,Poland,10/1/22,vivo/2020C/2120:12/SP1A.210812.003/compiler10142357:user/release-keys,Android 12
Y16,PD2216F_EX_A_12.0.8.28.W20.V000L1,12/1/22,4300.8M,387,https://www.vivo.com/ng/en/support/upgradePackageData?id=2070,https://www.vivo.com/ng/support/system-update,ng,Nigeria,10/1/22,vivo/V2204/V2204:12/SP1A.210812.003/compiler10192304:user/release-keys,Android 12
Y22,PD2226F_EX_A_12.0.14.2.W20.V000L1,12/1/22,4198.4M,251,https://www.vivo.com/ng/en/support/upgradePackageData?id=1996,https://www.vivo.com/ng/support/system-update,ng,Nigeria,10/1/22,vivo/V2207/V2207:12/SP1A.210812.003/compiler10242049:user/release-keys,Android 12
V25e,PD2214F_EX_A_12.0.7.5.W20.V000L1,12/1/22,4505.6M,156,https://www.vivo.com/ng/en/support/upgradePackageData?id=1907,https://www.vivo.com/ng/support/system-update,ng,Nigeria,10/1/22,vivo/V2201/V2201:12/SP1A.210812.003/compiler10252104:user/release-keys,Android 12
V25,PD2215F_EX_A_12.0.8.5.W20.V000L1,12/1/22,4608M,176,https://www.vivo.com/ng/en/support/upgradePackageData?id=1906,https://www.vivo.com/ng/support/system-update,ng,Nigeria,11/1/22,vivo/V2202/V2202:12/SP1A.210812.003/compiler11081123:user/release-keys,Android 12
Y16,PD2216F_EX_A_12.0.8.28.W20.V000L1,12/1/22,4300.8M,35,https://www.vivo.com/ma/support/upgradePackageData?id=2069,https://www.vivo.com/ma/support/system-update,ma,Morocco,10/1/22,vivo/V2204/V2204:12/SP1A.210812.003/compiler10192304:user/release-keys,Android 12
Y35,PD2225F_EX_A_12.0.8.7.W20.V000L1,12/1/22,4198.4M,33,https://www.vivo.com/ma/support/upgradePackageData?id=2068,https://www.vivo.com/ma/support/system-update,ma,Morocco,10/1/22,vivo/V2205/V2205:12/SP1A.210812.003/compiler10241201:user/release-keys,Android 12
V25,PD2215F_EX_A_12.0.8.5.W20.V000L1,12/1/22,4608M,18,https://www.vivo.com/ma/support/upgradePackageData?id=1932,https://www.vivo.com/ma/support/system-update,ma,Morocco,11/1/22,vivo/V2202/V2202:12/SP1A.210812.003/compiler11081123:user/release-keys,Android 12
Y22,PD2226F_EX_A_12.0.14.2.W20.V000L1,12/1/22,4198.4M,30,https://www.vivo.com/ma/support/upgradePackageData?id=1931,https://www.vivo.com/ma/support/system-update,ma,Morocco,10/1/22,vivo/V2207/V2207:12/SP1A.210812.003/compiler10242049:user/release-keys,Android 12
V23e,PD2150F_EX_A_6.18.0,12/1/22,3788.8M,20,https://www.vivo.com/ma/support/upgradePackageData?id=1858,https://www.vivo.com/ma/support/system-update,ma,Morocco,10/1/22,vivo/2116/2116:12/SP1A.210812.003/compiler10111644:user/release-keys,Android 12
Y33s,PD2147F_EX_A_6.19.1,12/1/22,3481.6M,45,https://www.vivo.com/ma/support/upgradePackageData?id=1725,https://www.vivo.com/ma/support/system-update,ma,Morocco,10/1/22,vivo/2109/2109:12/SP1A.210812.003/compiler10102108:user/release-keys,Android 12
Y21,PD2139F_EX_A_6.21.0,12/1/22,3686.4M,74,https://www.vivo.com/ma/support/upgradePackageData?id=1700,https://www.vivo.com/ma/support/system-update,ma,Morocco,11/1/22,vivo/2111/2111:12/SP1A.210812.003/compiler11042132:user/release-keys,Android 12
X80 Pro,PD2185F_EX_A_12.0.14.0.W30.V000L1,11/29/22,5734.4M,69,https://www.vivo.com/cl/support/upgradePackageData?id=11,https://www.vivo.com/cl/support/system-update,cl,Chile,10/1/22,vivo/V2145/V2145:12/SP1A.210812.003/compiler10180059:user/release-keys,Android 12
V25 Pro,PD2204F_EX_A_12.0.8.14.W30.V000L1,11/29/22,4915.2M,64,https://www.vivo.com/cl/support/upgradePackageData?id=10,https://www.vivo.com/cl/support/system-update,cl,Chile,10/1/22,vivo/V2158/V2158:12/SP1A.210812.003/compiler09302159:user/release-keys,Android 12
V25,PD2215F_EX_A_12.0.6.8.W30.V000L1,11/29/22,4812.8M,64,https://www.vivo.com/cl/support/upgradePackageData?id=9,https://www.vivo.com/cl/support/system-update,cl,Chile,8/1/22,vivo/V2202/V2202:12/SP1A.210812.003/compiler08292303:user/release-keys,Android 12
Y22s,PD2228F_EX_A_12.0.7.20.W30.V000L1,11/29/22,3686.4M,112,https://www.vivo.com/cl/support/upgradePackageData?id=8,https://www.vivo.com/cl/support/system-update,cl,Chile,9/1/22,vivo/V2206/V2206:12/SP1A.210812.003/compiler09262141:user/release-keys,Android 12
Y52,PD2069F_EX_A_36.9.36,11/8/22,3584M,253,https://www.vivo.com/uk/support/upgradePackageData?id=8,https://www.vivo.com/uk/support/system-update,uk,United Kingdom,9/1/22,vivo/2041/2041:12/SP1A.210812.003/compiler09081845:user/release-keys,Android 12
X60 Pro,PD2059F_EX_A_36.7.12,11/8/22,3788.8M,202,https://www.vivo.com/uk/support/upgradePackageData?id=6,https://www.vivo.com/uk/support/system-update,uk,United Kingdom,9/1/22,vivo/2046/2046:12/SP1A.210812.003/compiler09221828:user/release-keys,Android 12
Y70,PD2038F_EX_A_38.9.22,11/8/22,3379.2M,282,https://www.vivo.com/uk/support/upgradePackageData?id=3,https://www.vivo.com/uk/support/system-update,uk,United Kingdom,9/1/22,vivo/2023N/2023:12/SP1A.210812.003/compiler09072213:user/release-keys,Android 12
Y55 5G,PD2166F_EX_A_3.19.0,11/8/22,4403.2M,5,https://www.vivo.com/sk/support/upgradePackageData?id=129,https://www.vivo.com/sk/support/system-update,sk,Slovakia,,,
Y33s,PD2147F_EX_A_36.16.1,11/8/22,4915.2M,9,https://www.vivo.com/il/support/upgradePackageData?id=14,https://www.vivo.com/il/support/system-update,il,Israel,7/1/22,vivo/2109/2109:12/SP1A.210812.003/compiler07082237:user/release-keys,Android 12
V23 5G,PD2167F_EX_A_12.0.14.4.W30.V000L1,11/8/22,4608M,25,https://www.vivo.com/il/support/upgradePackageData?id=12,https://www.vivo.com/il/support/system-update,il,Israel,,,
Y70,PD2038F_EX_A_38.9.22,11/8/22,3379.2M,211,https://www.vivo.com/au/support/upgradePackageData?id=7,https://www.vivo.com/au/support/system-update,au,Australia,9/1/22,vivo/2023N/2023:12/SP1A.210812.003/compiler09072213:user/release-keys,Android 12
Y76 5G,PD2156F_EX_A_36.10.48,11/7/22,3788.8M,305,https://www.vivo.com/fr/support/upgradePackageData?id=118,https://www.vivo.com/fr/support/system-update,fr,France,,,
Y01,PD2140F_EX_A_6.20.4,10/14/22,2662.4M,6,https://www.vivo.com/tn/support/upgradePackageData?id=1981,https://www.vivo.com/tn/support/system-update,tn,Tunisia,4/1/22,vivo/2020C/2120:12/SP1A.210812.003/compiler04252208:user/release-keys,Android 12
Y15s,PD2140F_EX_A_6.20.4,10/14/22,2662.4M,40,https://www.vivo.com/tn/support/upgradePackageData?id=1980,https://www.vivo.com/tn/support/system-update,tn,Tunisia,4/1/22,vivo/2020C/2120:12/SP1A.210812.003/compiler04252208:user/release-keys,Android 12
Y33s,PD2147F_EX_A_6.16.1,10/14/22,3481.6M,8,https://www.vivo.com/tn/support/upgradePackageData?id=1879,https://www.vivo.com/tn/support/system-update,tn,Tunisia,7/1/22,vivo/2109/2109:12/SP1A.210812.003/compiler07082242:user/release-keys,Android 12
Y21,PD2139F_EX_A_6.19.7,10/14/22,3584M,39,https://www.vivo.com/tn/support/upgradePackageData?id=1532,https://www.vivo.com/tn/support/system-update,tn,Tunisia,9/1/22,vivo/2111/2111:12/SP1A.210812.003/compiler09142116:user/release-keys,Android 12
Y55,PD2201F_EX_A_12.0.11.0.W20.V000L1,10/12/22,4096M,108,https://www.vivo.com/kz/support/upgradePackageData?id=1947,https://www.vivo.com/kz/support/system-update,kz,Kazakhstan,8/1/22,vivo/2154/V2154:12/SP1A.210812.003/compiler08121637:user/release-keys,Android 12
Y16,PD2216F_EX_A_12.0.7.40.W20.V000L1,10/12/22,4300.8M,6,https://www.vivo.com/kz/support/upgradePackageData?id=1943,https://www.vivo.com/kz/support/system-update,kz,Kazakhstan,9/1/22,vivo/V2204/V2204:12/SP1A.210812.003/compiler09240142:user/release-keys,Android 12
V25 Pro,PD2204F_EX_A_12.0.8.13.W20.V000L1,10/12/22,4608M,25,https://www.vivo.com/kz/support/upgradePackageData?id=1942,https://www.vivo.com/kz/support/system-update,kz,Kazakhstan,9/1/22,vivo/V2158/V2158:12/SP1A.210812.003/compiler09261746:user/release-keys,Android 12
V25e,PD2214F_EX_A_12.0.7.3.W20.V000L1,10/12/22,4505.6M,55,https://www.vivo.com/kz/support/upgradePackageData?id=1941,https://www.vivo.com/kz/support/system-update,kz,Kazakhstan,9/1/22,vivo/V2201/V2201:12/SP1A.210812.003/compiler09172302:user/release-keys,Android 12
V25,PD2215F_EX_A_12.0.6.7.W20.V000L1,10/12/22,4608M,30,https://www.vivo.com/kz/support/upgradePackageData?id=1940,https://www.vivo.com/kz/support/system-update,kz,Kazakhstan,8/1/22,vivo/V2202/V2202:12/SP1A.210812.003/compiler08292249:user/release-keys,Android 12
Y22,PD2226F_EX_A_12.0.13.2.W20.V000L1,10/12/22,4198.4M,65,https://www.vivo.com/kz/support/upgradePackageData?id=1939,https://www.vivo.com/kz/support/system-update,kz,Kazakhstan,9/1/22,vivo/V2207/V2207:12/SP1A.210812.003/compiler09142210:user/release-keys,Android 12
V23 5G,PD2167BF_EX_A_12.0.14.3.W20.V000L1,10/12/22,4300.8M,60,https://www.vivo.com/kz/support/upgradePackageData?id=1704,https://www.vivo.com/kz/support/system-update,kz,Kazakhstan,,,
Y33s,PD2147F_EX_A_6.16.1,10/12/22,3379.2M,213,https://www.vivo.com/kz/support/upgradePackageData?id=1630,https://www.vivo.com/kz/support/system-update,kz,Kazakhstan,7/1/22,vivo/2109/2109:12/SP1A.210812.003/compiler07082242:user/release-keys,Android 12
Y21,PD2139F_EX_A_6.19.7,10/12/22,3584M,104,https://www.vivo.com/ke/en/support/upgradePackageData?id=1421,https://www.vivo.com/ke/support/system-update,ke,Kenya,9/1/22,vivo/2111/2111:12/SP1A.210812.003/compiler09142116:user/release-keys,Android 12
Y53s,PD2103F_EX_A_6.18.1,10/12/22,3584M,92,https://www.vivo.com/ke/en/support/upgradePackageData?id=1340,https://www.vivo.com/ke/support/system-update,ke,Kenya,7/1/22,vivo/2058/2058:12/SP1A.210812.003/compiler07041641:user/release-keys,Android 12
V23 5G,PD2167BF_EX_A_12.0.14.3.W20.V000L1,10/11/22,4300.8M,210,https://www.vivo.com/ng/en/support/upgradePackageData?id=1702,https://www.vivo.com/ng/support/system-update,ng,Nigeria,,,
Y21,PD2139F_EX_A_6.19.7,10/11/22,3584M,233,https://www.vivo.com/ng/en/support/upgradePackageData?id=1547,https://www.vivo.com/ng/support/system-update,ng,Nigeria,9/1/22,vivo/2111/2111:12/SP1A.210812.003/compiler09142116:user/release-keys,Android 12
Y33s,PD2147F_EX_A_6.16.1,10/11/22,3481.6M,1376,https://www.vivo.com/ng/en/support/upgradePackageData?id=1506,https://www.vivo.com/ng/support/system-update,ng,Nigeria,7/1/22,vivo/2109/2109:12/SP1A.210812.003/compiler07082242:user/release-keys,Android 12
V23 5G,PD2167BF_EX_A_12.0.14.3.W20.V000L1,10/11/22,4300.8M,31,https://www.vivo.com/ma/support/upgradePackageData?id=1857,https://www.vivo.com/ma/support/system-update,ma,Morocco,,,
Y33s,PD2147F_EX_A_3.13.12,8/9/22,4915.2M,12,https://www.vivo.com/nl/support/upgradePackageData?id=163,https://www.vivo.com/nl/support/system-update,nl,Netherlands,,,
Y76 5G,PD2156F_EX_A_36.10.30,8/9/22,3788.8M,24,https://www.vivo.com/nl/support/upgradePackageData?id=162,https://www.vivo.com/nl/support/system-update,nl,Netherlands,,,
X80 Pro,PD2185F_EX_A_12.0.12.5.W30.V000L1,8/9/22,5734.4M,31,https://www.vivo.com/nl/support/upgradePackageData?id=156,https://www.vivo.com/nl/support/system-update,nl,Netherlands,,,
Y21,PD2139F_EX_A_1.7.1,7/20/22,3379.2M,17,https://www.vivo.com/az/support/upgradePackageData?id=1866,https://www.vivo.com/az/support/system-update,az,Azerbaijan,7/1/22,vivo/2111/2111:11/RP1A.200720.012/compiler0706101732:user/release-keys,Android 11
Y33s,PD2147F_EX_A_1.13.7,7/20/22,3481.6M,5,https://www.vivo.com/az/support/upgradePackageData?id=1865,https://www.vivo.com/az/support/system-update,az,Azerbaijan,6/1/22,vivo/2109/2109:11/RP1A.200720.012/compiler0615180525:user/release-keys,Android 11
Y53s,PD2103F_EX_A_1.9.6,7/20/22,3276.8M,13,https://www.vivo.com/az/support/upgradePackageData?id=1864,https://www.vivo.com/az/support/system-update,az,Azerbaijan,4/1/22,vivo/2058/2058:11/RP1A.200720.012/compiler0419102927:user/release-keys,Android 11
V23e,PD2150F_EX_A_1.14.1,7/20/22,3788.8M,3,https://www.vivo.com/az/support/upgradePackageData?id=1862,https://www.vivo.com/az/support/system-update,az,Azerbaijan,3/1/22,vivo/2116/2116:11/RP1A.200720.012/compiler0324215317:user/release-keys,Android 11
V23,PD2167BF_EX_A_12.0.14.2.W20.V000L1,7/20/22,4300.8M,4,https://www.vivo.com/az/support/upgradePackageData?id=1861,https://www.vivo.com/az/support/system-update,az,Azerbaijan,,,
Y21,PD2139F_EX_A_1.6.3,7/8/22,3379.2M,14,https://www.vivo.com/pg/support/upgradePackageData?id=1870,https://www.vivo.com/pg/support/system-update,pg,Papua New Guinea,6/1/22,vivo/2111/2111:11/RP1A.200720.012/compiler0615153303:user/release-keys,Android 11
V23 5G,PD2167BF_EX_A_12.0.14.2.W20.V000L1,7/8/22,4300.8M,203,https://www.vivo.com/np/support/upgradePackageData?id=1818,https://www.vivo.com/np/support/system-update,np,Nepal,,,
Y21,PD2139F_EX_A_1.6.3,7/8/22,3379.2M,155,https://www.vivo.com/np/support/upgradePackageData?id=1442,https://www.vivo.com/np/support/system-update,np,Nepal,6/1/22,vivo/2111/2111:11/RP1A.200720.012/compiler0615153303:user/release-keys,Android 11
V21e,PD2107F_EX_A_6.6.22,7/8/22,3891.2M,20,https://www.vivo.com/np/support/upgradePackageData?id=1297,https://www.vivo.com/np/support/system-update,np,Nepal,5/1/22,vivo/2061TN/2061:12/SP1A.210812.003/compiler05101748:user/release-keys,Android 12
V21,PD2083F_EX_A_6.8.14,7/8/22,3993.6M,53,https://www.vivo.com/np/support/upgradePackageData?id=1296,https://www.vivo.com/np/support/system-update,np,Nepal,5/1/22,vivo/2050/2050:12/SP1A.210812.003/compiler05070001:user/release-keys,Android 12
Y20s,PD2034F_EX_A_1.9.25,7/8/22,3686.4M,285,https://www.vivo.com/np/support/upgradePackageData?id=1045,https://www.vivo.com/np/support/system-update,np,Nepal,5/1/22,vivo/2027N/2027:10/QP1A.190711.020/compiler05091549:user/release-keys,Android 10
V23 5G,PD2167BF_EX_A_12.0.14.2.W20.V000L1,7/8/22,4300.8M,298,https://www.vivo.com/mm/support/upgradePackageData?id=1687,https://www.vivo.com/mm/support/system-update,mm,Myanmar,,,
Y12A,PD2060F_EX_A_1.7.15,7/8/22,3174.4M,286,https://www.vivo.com/mm/support/upgradePackageData?id=1509,https://www.vivo.com/mm/support/system-update,mm,Myanmar,5/1/22,vivo/2034/2034:11/RP1A.200720.012/compiler04271702:user/release-keys,Android 11
V21e,PD2107F_EX_A_6.6.22,7/8/22,3891.2M,94,https://www.vivo.com/mm/support/upgradePackageData?id=1295,https://www.vivo.com/mm/support/system-update,mm,Myanmar,5/1/22,vivo/2061TN/2061:12/SP1A.210812.003/compiler05101748:user/release-keys,Android 12
V21,PD2083F_EX_A_6.8.14,7/8/22,3993.6M,138,https://www.vivo.com/mm/support/upgradePackageData?id=1262,https://www.vivo.com/mm/support/system-update,mm,Myanmar,5/1/22,vivo/2050/2050:12/SP1A.210812.003/compiler05070001:user/release-keys,Android 12
Y20,PD2034F_EX_A_1.9.25,7/8/22,3686.4M,1107,https://www.vivo.com/mm/support/upgradePackageData?id=996,https://www.vivo.com/mm/support/system-update,mm,Myanmar,5/1/22,vivo/2027N/2027:10/QP1A.190711.020/compiler05091549:user/release-keys,Android 10
V19,PD1969F_EX_A_6.9.15,7/8/22,3981.2M,458,https://www.vivo.com/mm/support/upgradePackageData?id=812,https://www.vivo.com/mm/support/system-update,mm,Myanmar,5/1/22,vivo/1933/1933:11/RP1A.200720.012/compiler0429144255:user/release-keys,Android 11
V21 5G,PD2083F_EX_A_6.8.14,7/8/22,3993.6M,580,https://www.vivo.com/lk/support/upgradePackageData?id=1305,https://www.vivo.com/lk/support/system-update,lk,Sri Lanka,5/1/22,vivo/2050/2050:12/SP1A.210812.003/compiler05070001:user/release-keys,Android 12
V21e,PD2107F_EX_A_6.6.22,7/8/22,3891.2M,383,https://www.vivo.com/lk/support/upgradePackageData?id=1304,https://www.vivo.com/lk/support/system-update,lk,Sri Lanka,5/1/22,vivo/2061TN/2061:12/SP1A.210812.003/compiler05101748:user/release-keys,Android 12
Y20s,PD2034F_EX_A_1.9.25,7/8/22,3686.4M,904,https://www.vivo.com/lk/support/upgradePackageData?id=1075,https://www.vivo.com/lk/support/system-update,lk,Sri Lanka,5/1/22,vivo/2027N/2027:10/QP1A.190711.020/compiler05091549:user/release-keys,Android 10
V23 5G,PD2167BF_EX_A_12.0.14.2.W20.V000L1,7/8/22,4403.2M,1270,https://www.vivo.com/bd/support/upgradePackageData?id=1655,https://www.vivo.com/bd/support/system-update,bd,Bangladesh,,,
V21e,PD2107F_EX_A_6.6.22,7/8/22,3891.2M,1181,https://www.vivo.com/bd/support/upgradePackageData?id=1280,https://www.vivo.com/bd/support/system-update,bd,Bangladesh,5/1/22,vivo/2061TN/2061:12/SP1A.210812.003/compiler05101748:user/release-keys,Android 12
V21,PD2083F_EX_A_6.8.14,7/8/22,3993.6M,1099,https://www.vivo.com/bd/support/upgradePackageData?id=1263,https://www.vivo.com/bd/support/system-update,bd,Bangladesh,5/1/22,vivo/2050/2050:12/SP1A.210812.003/compiler05070001:user/release-keys,Android 12
X60 Pro,PD2059F_EX_A_6.9.3,7/8/22,4403.2M,452,https://www.vivo.com/bd/support/upgradePackageData?id=1255,https://www.vivo.com/bd/support/system-update,bd,Bangladesh,5/1/22,vivo/2046/2046:12/SP1A.210812.003/compiler05100041:user/release-keys,Android 12
Y33T,PD2142F_EX_A_11.0.8.3.W20.V000L1,6/29/22,3891.2M,136,https://www.vivo.com/pg/support/upgradePackageData?id=1871,https://www.vivo.com/pg/support/system-update,pg,Papua New Guinea,4/1/22,vivo/2135/2135:11/RP1A.200720.012/compiler0420190336:user/release-keys,Android 11
Y15s,PD2140F_EX_A_6.20.4,6/29/22,2662.4M,33,https://www.vivo.com/pg/support/upgradePackageData?id=1868,https://www.vivo.com/pg/support/system-update,pg,Papua New Guinea,4/1/22,vivo/2020C/2120:12/SP1A.210812.003/compiler04252208:user/release-keys,Android 12
Y01,PD2140F_EX_A_6.20.4,6/29/22,2662.4M,907,https://www.vivo.com/pg/support/upgradePackageData?id=1867,https://www.vivo.com/pg/support/system-update,pg,Papua New Guinea,4/1/22,vivo/2020C/2120:12/SP1A.210812.003/compiler04252208:user/release-keys,Android 12
Y01,PD2140F_EX_A_36.21.5,6/17/22,3174.40M,765,https://www.vivo.com/mx/support/upgradePackageData?id=7,https://www.vivo.com/mx/support/system-update,mx,Mexico,5/1/22,vivo/2020C/2120:12/SP1A.210812.003/compiler05191647:user/release-keys,Android 12
Y15s,PD2140IF_EX_A_36.20.1,6/17/22,3993.60M,797,https://www.vivo.com/mx/support/upgradePackageData?id=6,https://www.vivo.com/mx/support/system-update,mx,Mexico,5/1/22,vivo/2134T/2120:12/SP1A.210812.003/compiler05092246:user/release-keys,Android 12
Y33,PD2103F_EX_A_3.7.16,6/17/22,5222.4M,940,https://www.vivo.com/mx/support/upgradePackageData?id=5,https://www.vivo.com/mx/support/system-update,mx,Mexico,4/1/22,vivo/2058/2058:11/RP1A.200720.012/compiler0419104730:user/release-keys,Android 11
Y53s,PD2103F_EX_A_3.7.16,6/17/22,5222.4M,1585,https://www.vivo.com/mx/support/upgradePackageData?id=4,https://www.vivo.com/mx/support/system-update,mx,Mexico,4/1/22,vivo/2058/2058:11/RP1A.200720.012/compiler0419104730:user/release-keys,Android 11
Y11s,PD2042F_EX_A_38.15.13,6/17/22,3379.2M,2295,https://www.vivo.com/mx/support/upgradePackageData?id=3,https://www.vivo.com/mx/support/system-update,mx,Mexico,,,
Y20,PD2034EF_EX_A_38.15.13,6/17/22,4198.4M,2884,https://www.vivo.com/mx/support/upgradePackageData?id=2,https://www.vivo.com/mx/support/system-update,mx,Mexico,,,
Y53s,PD2103F_EX_A_3.7.16,6/17/22,5222.4M,519,https://www.vivo.com/cl/support/upgradePackageData?id=5,https://www.vivo.com/cl/support/system-update,cl,Chile,4/1/22,vivo/2058/2058:11/RP1A.200720.012/compiler0419104730:user/release-keys,Android 11
Y15s,PD2140F_EX_A_6.20.4,6/15/22,2355.2M,22,https://www.vivo.com/uz/support/upgradePackageData?id=1711,https://www.vivo.com/uz/support/system-update,uz,Uzbekistan,4/1/22,vivo/2020C/2120:12/SP1A.210812.003/compiler04252208:user/release-keys,Android 12
V23 5G,PD2167F_EX_A_12.0.13.17.W20.V000L1,6/15/22,4403.2M,28,https://www.vivo.com/uz/support/upgradePackageData?id=1710,https://www.vivo.com/uz/support/system-update,uz,Uzbekistan,5/1/22,vivo/2130/2130:12/SP1A.210812.003/compiler05202027:user/release-keys,Android 12
V21e,PD2107F_EX_A_6.6.22,6/15/22,3584M,69,https://www.vivo.com/uz/support/upgradePackageData?id=1308,https://www.vivo.com/uz/support/system-update,uz,Uzbekistan,5/1/22,vivo/2061TN/2061:12/SP1A.210812.003/compiler05101748:user/release-keys,Android 12
X60 Pro,PD2059F_EX_A_6.9.3,6/15/22,3891.2M,12,https://www.vivo.com/uz/support/upgradePackageData?id=1178,https://www.vivo.com/uz/support/system-update,uz,Uzbekistan,5/1/22,vivo/2046/2046:12/SP1A.210812.003/compiler05100041:user/release-keys,Android 12
Y15s,PD2140F_EX_A_6.20.4,6/15/22,2355.2M,312,https://www.vivo.com/ng/en/support/upgradePackageData?id=1557,https://www.vivo.com/ng/support/system-update,ng,Nigeria,4/1/22,vivo/2020C/2120:12/SP1A.210812.003/compiler04252208:user/release-keys,Android 12
Y15s,PD2140F_EX_A_6.20.4,6/15/22,2355.2M,57,https://www.vivo.com/ma/support/upgradePackageData?id=1724,https://www.vivo.com/ma/support/system-update,ma,Morocco,4/1/22,vivo/2020C/2120:12/SP1A.210812.003/compiler04252208:user/release-keys,Android 12
Y15s,PD2140F_EX_A_6.20.4,6/15/22,2355.2M,106,https://www.vivo.com/kz/support/upgradePackageData?id=1705,https://www.vivo.com/kz/support/system-update,kz,Kazakhstan,4/1/22,vivo/2020C/2120:12/SP1A.210812.003/compiler04252208:user/release-keys,Android 12
V23 5G,PD2167F_EX_A_12.0.13.17.W20.V000L1,6/15/22,4403.2M,8,https://www.vivo.com/by/support/upgradePackageData?id=1784,https://www.vivo.com/by/support/system-update,by,Belarus,5/1/22,vivo/2130/2130:12/SP1A.210812.003/compiler05202027:user/release-keys,Android 12
Y50,PD1965F_EX_A_1.13.14,6/10/22,3584M,660,https://www.vivo.com/mm/support/upgradePackageData?id=820,https://www.vivo.com/mm/support/system-update,mm,Myanmar,4/1/22,vivo/1935N/1935:10/QP1A.190711.020/compiler04061454:user/release-keys,Android 10
Y30,PD1987F_EX_A_1.14.32,6/10/22,3788.8M,403,https://www.vivo.com/mm/support/upgradePackageData?id=810,https://www.vivo.com/mm/support/system-update,mm,Myanmar,4/1/22,vivo/1938N/1938:10/QP1A.190711.020/compiler04071536:user/release-keys,Android 10
Y1s,PD2014F_EX_A_1.13.31,6/10/22,3174.4M,6172,https://www.vivo.com/lk/support/upgradePackageData?id=944,https://www.vivo.com/lk/support/system-update,lk,Sri Lanka,4/1/22,vivo/2015/2015:10/QP1A.190711.020/compiler04081530:user/release-keys,Android 10
X50 Pro,PD2005F_EX_A_38.13.7,5/24/22,3788.8M,522,https://www.vivo.com/au/support/upgradePackageData?id=6,https://www.vivo.com/au/support/system-update,au,Australia,4/1/22,vivo/2006G/2006:12/SP1A.210812.003/compiler04131810:user/release-keys,Android 12
Y53s,PD2103F_EX_A_1.9.6,5/7/22,3276.8M,32,https://www.vivo.com/uz/support/upgradePackageData?id=1350,https://www.vivo.com/uz/support/system-update,uz,Uzbekistan,4/1/22,vivo/2058/2058:11/RP1A.200720.012/compiler0419102927:user/release-keys,Android 11
Y53s,PD2103F_EX_A_1.9.6,5/6/22,3276.8M,71,https://www.vivo.com/np/support/upgradePackageData?id=1356,https://www.vivo.com/np/support/system-update,np,Nepal,4/1/22,vivo/2058/2058:11/RP1A.200720.012/compiler0419102927:user/release-keys,Android 11
Y51,PD2050F_EX_A_6.7.20,5/6/22,3788.8M,344,https://www.vivo.com/np/support/upgradePackageData?id=1126,https://www.vivo.com/np/support/system-update,np,Nepal,3/1/22,vivo/2036N/2036:12/SP1A.210812.003/compiler03092105:user/release-keys,Android 12
V20 SE,PD2038F_EX_A_6.9.8,5/6/22,3584M,121,https://www.vivo.com/np/support/upgradePackageData?id=998,https://www.vivo.com/np/support/system-update,np,Nepal,3/1/22,vivo/2023N/2023:11/RP1A.200720.012/compiler03031604:user/release-keys,Android 11
Y53s,PD2103F_EX_A_1.9.6,5/6/22,3276.8M,207,https://www.vivo.com/mm/support/upgradePackageData?id=1357,https://www.vivo.com/mm/support/system-update,mm,Myanmar,4/1/22,vivo/2058/2058:11/RP1A.200720.012/compiler0419102927:user/release-keys,Android 11
Y53s,PD2103F_EX_A_1.9.6,5/6/22,3276.8M,482,https://www.vivo.com/lk/support/upgradePackageData?id=1333,https://www.vivo.com/lk/support/system-update,lk,Sri Lanka,4/1/22,vivo/2058/2058:11/RP1A.200720.012/compiler0419102927:user/release-keys,Android 11
Y12s,PD2036F_EX_A_6.13.0,5/6/22,3584M,1990,https://www.vivo.com/lk/support/upgradePackageData?id=1143,https://www.vivo.com/lk/support/system-update,lk,Sri Lanka,3/1/22,vivo/2026/2026:11/RP1A.200720.012/compiler0307104724:user/release-keys,Android 11
V20,PD2039F_EX_A_6.18.1,5/6/22,4198.4M,507,https://www.vivo.com/lk/support/upgradePackageData?id=1074,https://www.vivo.com/lk/support/system-update,lk,Sri Lanka,3/1/22,vivo/2025N/2025:12/SP1A.210812.003/compiler03111932:user/release-keys,Android 12
V20 SE,PD2038F_EX_A_6.9.8,5/6/22,3584M,147,https://www.vivo.com/lk/support/upgradePackageData?id=1006,https://www.vivo.com/lk/support/system-update,lk,Sri Lanka,3/1/22,vivo/2023N/2023:11/RP1A.200720.012/compiler03031604:user/release-keys,Android 11
V20,PD2039F_EX_A_6.18.1,5/5/22,4198.4M,2463,https://www.vivo.com/bd/support/upgradePackageData?id=932,https://www.vivo.com/bd/support/system-update,bd,Bangladesh,3/1/22,vivo/2025N/2025:12/SP1A.210812.003/compiler03111932:user/release-keys,Android 12
Y53s,PD2103F_EX_A_1.9.3,4/6/22,3276.8M,8,https://www.vivo.com/tj/support/upgradePackageData?id=1779,https://www.vivo.com/tj/support/system-update,tj,Tajikistan,3/1/22,vivo/2058/2058:11/RP1A.200720.012/compiler0318122249:user/release-keys,Android 11
Y21,PD2139F_EX_A_1.3.8,4/6/22,3276.8M,5,https://www.vivo.com/tj/support/upgradePackageData?id=1778,https://www.vivo.com/tj/support/system-update,tj,Tajikistan,1/1/22,vivo/2111/2111:11/RP1A.200720.012/compiler0113221335:user/release-keys,Android 11
Y15s,PD2140F_EX_A_1.15.0,4/6/22,2355.2M,2,https://www.vivo.com/tj/support/upgradePackageData?id=1777,https://www.vivo.com/tj/support/system-update,tj,Tajikistan,2/1/22,vivo/2020C/2120:11/RP1A.200720.012/compiler0302211151:user/release-keys,Android 11
V23e,PD2150F_EX_A_1.13.8,4/6/22,3788.8M,99,https://www.vivo.com/np/support/upgradePackageData?id=1656,https://www.vivo.com/np/support/system-update,np,Nepal,3/1/22,vivo/2116/2116:11/RP1A.200720.012/compiler0316193807:user/release-keys,Android 11
V23e,PD2150F_EX_A_1.13.8,4/6/22,3788.8M,252,https://www.vivo.com/mm/support/upgradePackageData?id=1688,https://www.vivo.com/mm/support/system-update,mm,Myanmar,3/1/22,vivo/2116/2116:11/RP1A.200720.012/compiler0316193807:user/release-keys,Android 11
Y15s,PD2140F_EX_A_1.15.0,4/6/22,2355.2M,6,https://www.vivo.com/kg/support/upgradePackageData?id=1774,https://www.vivo.com/kg/support/system-update,kg,Kyrgyzstan,2/1/22,vivo/2020C/2120:11/RP1A.200720.012/compiler0302211151:user/release-keys,Android 11
Y21,PD2139F_EX_A_1.3.8,4/6/22,3276.8M,6,https://www.vivo.com/kg/support/upgradePackageData?id=1766,https://www.vivo.com/kg/support/system-update,kg,Kyrgyzstan,1/1/22,vivo/2111/2111:11/RP1A.200720.012/compiler0113221335:user/release-keys,Android 11
Y53s,PD2103F_EX_A_1.9.3,4/6/22,3276.8M,23,https://www.vivo.com/by/support/upgradePackageData?id=1792,https://www.vivo.com/by/support/system-update,by,Belarus,3/1/22,vivo/2058/2058:11/RP1A.200720.012/compiler0318122249:user/release-keys,Android 11
Y21,PD2139F_EX_A_1.3.8,4/6/22,3276.8M,36,https://www.vivo.com/by/support/upgradePackageData?id=1791,https://www.vivo.com/by/support/system-update,by,Belarus,1/1/22,vivo/2111/2111:11/RP1A.200720.012/compiler0113221335:user/release-keys,Android 11
V21,PD2083F_EX_A_6.8.6,4/6/22,4096M,9,https://www.vivo.com/by/support/upgradePackageData?id=1787,https://www.vivo.com/by/support/system-update,by,Belarus,2/1/22,vivo/2050/2050:12/SP1A.210812.003/compiler03041524:user/release-keys,Android 12
V23e,PD2150F_EX_A_1.14.1,4/6/22,3788.8M,10,https://www.vivo.com/by/support/upgradePackageData?id=1786,https://www.vivo.com/by/support/system-update,by,Belarus,3/1/22,vivo/2116/2116:11/RP1A.200720.012/compiler0324215317:user/release-keys,Android 11
X60 Pro,PD2059F_EX_A_6.8.19,4/6/22,4403.2M,3,https://www.vivo.com/by/support/upgradePackageData?id=1780,https://www.vivo.com/by/support/system-update,by,Belarus,1/1/22,vivo/2046/2046:12/SP1A.210812.003/compiler01132234:user/release-keys,Android 12
V23e,PD2150F_EX_A_1.13.8,4/6/22,3788.8M,1136,https://www.vivo.com/bd/support/upgradePackageData?id=1684,https://www.vivo.com/bd/support/system-update,bd,Bangladesh,3/1/22,vivo/2116/2116:11/RP1A.200720.012/compiler0316193807:user/release-keys,Android 11
Y33s,PD2147F_EX_A_1.12.3,4/2/22,3481.6M,24,https://www.vivo.com/uz/support/upgradePackageData?id=1753,https://www.vivo.com/uz/support/system-update,uz,Uzbekistan,2/1/22,vivo/2109/2109:11/RP1A.200720.012/compiler0217213534:user/release-keys,Android 11
V23e,PD2150F_EX_A_1.13.8,4/2/22,3788.8M,10,https://www.vivo.com/uz/support/upgradePackageData?id=1709,https://www.vivo.com/uz/support/system-update,uz,Uzbekistan,3/1/22,vivo/2116/2116:11/RP1A.200720.012/compiler0316193807:user/release-keys,Android 11
V23e,PD2150F_EX_A_1.13.8,4/2/22,3788.8M,149,https://www.vivo.com/ng/en/support/upgradePackageData?id=1701,https://www.vivo.com/ng/support/system-update,ng,Nigeria,3/1/22,vivo/2116/2116:11/RP1A.200720.012/compiler0316193807:user/release-keys,Android 11
V23e,PD2150F_EX_A_1.13.8,4/2/22,3788.8M,94,https://www.vivo.com/kz/support/upgradePackageData?id=1703,https://www.vivo.com/kz/support/system-update,kz,Kazakhstan,3/1/22,vivo/2116/2116:11/RP1A.200720.012/compiler0316193807:user/release-keys,Android 11
Y3s,PD2074F_EX_A_3.16.4,4/2/22,1740.8M,331,https://www.vivo.com/au/support/upgradePackageData?id=11,https://www.vivo.com/au/support/system-update,au,Australia,12/1/21,vivo/2044/2044:11/RP1A.200720.012/compiler1217180211:user/release-keys,Android 11
Y21,PD2139F_EX_A_1.3.8,3/15/22,3276.8M,13,https://www.vivo.com/uz/support/upgradePackageData?id=1712,https://www.vivo.com/uz/support/system-update,uz,Uzbekistan,1/1/22,vivo/2111/2111:11/RP1A.200720.012/compiler0113221335:user/release-keys,Android 11
V21 5G,PD2083F_EX_A_3.9.41,2/11/22,3276.8M,944,https://www.vivo.com/cl/support/upgradePackageData?id=7,https://www.vivo.com/cl/support/system-update,cl,Chile,,,
Y51,PD2050F_EX_A_3.6.12,1/29/22,2560M,287,https://www.vivo.com/cl/support/upgradePackageData?id=4,https://www.vivo.com/cl/support/system-update,cl,Chile,,,
X70,PD2133F_EX_A_1.19.4,1/25/22,4608M,60,https://www.vivo.com/la/support/upgradePackageData?id=1648,https://www.vivo.com/la/support/system-update,la,Laos,,,
Y20,PD2034F_EX_A_1.9.8,9/28/21,3584M,283,https://www.vivo.com/np/support/upgradePackageData?id=997,https://www.vivo.com/np/support/system-update,np,Nepal,8/1/21,vivo/2027N/2027:10/QP1A.190711.020/compiler09081722:user/release-keys,Android 10
Y20,PD2034F_EX_A_1.9.8,9/28/21,3584M,2364,https://www.vivo.com/lk/support/upgradePackageData?id=1005,https://www.vivo.com/lk/support/system-update,lk,Sri Lanka,8/1/21,vivo/2027N/2027:10/QP1A.190711.020/compiler09081722:user/release-keys,Android 10
V21,PD2083F_EX_A_3.9.21,9/22/21,5734.4M,1118,https://www.vivo.com/mx/support/upgradePackageData?id=1,https://www.vivo.com/mx/support/system-update,mx,Mexico,,,
Y12,PD1901BF_EX_A_6.11.15,5/8/21,3072M,283,https://www.vivo.com/la/support/upgradePackageData?id=686,https://www.vivo.com/la/support/system-update,la,Laos,2/1/21,vivo/1901/1901:11/RP1A.200720.012/compiler0324201251:user/release-keys,Android 11
Y17,PD1901F_EX_A_1.56.25,5/8/21,3174.4M,118,https://www.vivo.com/la/support/upgradePackageData?id=520,https://www.vivo.com/la/support/system-update,la,Laos,3/1/21,vivo/1902/1902:9/PPR1.180610.011/compiler04071706:user/release-keys,Android 9 Pie
V15 Pro,PD1832F_EX_A_6.20.6,5/8/21,3481.6M,77,https://www.vivo.com/la/support/upgradePackageData?id=478,https://www.vivo.com/la/support/system-update,la,Laos,3/1/21,vivo/1818/1818:10/QP1A.190711.020/compiler03222011:user/release-keys,Android 10
S1,PD1913F_EX_A_6.13.0,3/8/21,3174.4M,47,https://www.vivo.com/la/support/upgradePackageData?id=640,https://www.vivo.com/la/support/system-update,la,Laos,12/1/20,vivo/1907/1907:10/QP1A.190711.020/compiler12152304:user/release-keys,Android 10
Y11,PD1930F_EX_A_1.18.1,3/8/21,3072M,283,https://www.vivo.com/la/support/upgradePackageData?id=599,https://www.vivo.com/la/support/system-update,la,Laos,2/1/21,vivo/1906/1906:9/PKQ1.190616.001/compiler02201901:user/release-keys,Android 9 Pie
V15,PD1831F_EX_A_6.10.12,3/8/21,3072M,77,https://www.vivo.com/la/support/upgradePackageData?id=477,https://www.vivo.com/la/support/system-update,la,Laos,1/1/21,vivo/1819/1819:10/QP1A.190711.020/compiler01131705:user/release-keys,Android 10