CVE,Year,Month,Severity
CVE-2023-21651,2024,January,Critical
CVE-2023-33025,2024,January,Critical
CVE-2023-33036,2024,January,Critical
CVE-2023-21245,2024,January,High
CVE-2024-0015,2024,January,High
CVE-2024-0018,2024,January,High
CVE-2024-0023,2024,January,High
CVE-2024-0019,2024,January,High
CVE-2024-0021,2024,January,High
CVE-2023-40085,2024,January,High
CVE-2024-0016,2024,January,High
CVE-2024-0017,2024,January,High
CVE-2024-0020,2024,January,High
CVE-2023-4295,2024,January,High
CVE-2023-4295,2024,January,High
CVE-2023-32874,2024,January,High
CVE-2023-32872,2024,January,High
CVE-2023-33094,2024,January,High
CVE-2023-33108,2024,January,High
CVE-2023-33110,2024,January,High
CVE-2023-33113,2024,January,High
CVE-2023-33114,2024,January,High
CVE-2023-33117,2024,January,High
CVE-2023-33120,2024,January,High
CVE-2023-43514,2024,January,High
CVE-2022-33275,2024,January,High
CVE-2023-28544,2024,January,High
CVE-2023-28548,2024,January,High
CVE-2023-28557,2024,January,High
CVE-2023-28558,2024,January,High
CVE-2023-28559,2024,January,High
CVE-2023-28560,2024,January,High
CVE-2023-28564,2024,January,High
CVE-2023-28565,2024,January,High
CVE-2023-28567,2024,January,High
CVE-2023-33014,2024,January,High
CVE-2023-33030,2024,January,High
CVE-2023-33032,2024,January,High
CVE-2023-33033,2024,January,High
CVE-2023-33037,2024,January,High
CVE-2023-33040,2024,January,High
CVE-2023-33043,2024,January,High
CVE-2023-33044,2024,January,High
CVE-2023-33062,2024,January,High
CVE-2023-33109,2024,January,High
CVE-2023-33112,2024,January,High
CVE-2023-43511,2024,January,High
CVE-2024-0031,2024,February,Critical
CVE-2024-0029,2024,February,High
CVE-2024-0032,2024,February,High
CVE-2024-0034,2024,February,High
CVE-2024-0036,2024,February,High
CVE-2024-0038,2024,February,High
CVE-2024-0041,2024,February,High
CVE-2023-40122,2024,February,High
CVE-2024-0037,2024,February,High
CVE-2024-0040,2024,February,High
CVE-2024-0014,2024,February,High
CVE-2024-0033,2024,February,High
CVE-2024-0035,2024,February,High
CVE-2023-40093,2024,February,High
CVE-2024-0030,2024,February,High
CVE-2023-5091,2024,February,High
CVE-2023-5249,2024,February,High
CVE-2023-5643,2024,February,High
CVE-2024-20011,2024,February,High
CVE-2024-20006,2024,February,High
CVE-2024-20007,2024,February,High
CVE-2024-20009,2024,February,High
CVE-2024-20010,2024,February,High
CVE-2023-32841,2024,February,High
CVE-2023-32842,2024,February,High
CVE-2023-32843,2024,February,High
CVE-2024-20003,2024,February,High
CVE-2023-43513,2024,February,High
CVE-2023-43516,2024,February,High
CVE-2023-43520,2024,February,High
CVE-2023-43534,2024,February,High
CVE-2023-33046,2024,February,High
CVE-2023-33049,2024,February,High
CVE-2023-33057,2024,February,High
CVE-2023-33058,2024,February,High
CVE-2023-33060,2024,February,High
CVE-2023-33072,2024,February,High
CVE-2023-33076,2024,February,High
CVE-2023-43518,2024,February,High
CVE-2023-43519,2024,February,High
CVE-2023-43522,2024,February,High
CVE-2023-43523,2024,February,High
CVE-2023-43533,2024,February,High
CVE-2023-43536,2024,February,High
CVE-2024-0039,2024,March,Critical
CVE-2024-23717,2024,March,Critical
CVE-2023-28578,2024,March,Critical
CVE-2024-0044,2024,March,High
CVE-2024-0046,2024,March,High
CVE-2024-0048,2024,March,High
CVE-2024-0049,2024,March,High
CVE-2024-0050,2024,March,High
CVE-2024-0051,2024,March,High
CVE-2024-0053,2024,March,High
CVE-2024-0047,2024,March,High
CVE-2023-40081,2024,March,High
CVE-2024-0045,2024,March,High
CVE-2024-0052,2024,March,High
CVE-2023-6143,2024,March,High
CVE-2023-6241,2024,March,High
CVE-2024-20005,2024,March,High
CVE-2024-20022,2024,March,High
CVE-2024-20023,2024,March,High
CVE-2024-20024,2024,March,High
CVE-2024-20025,2024,March,High
CVE-2024-20027,2024,March,High
CVE-2024-20028,2024,March,High
CVE-2024-20020,2024,March,High
CVE-2024-20026,2024,March,High
CVE-2023-43546,2024,March,High
CVE-2023-43547,2024,March,High
CVE-2023-43550,2024,March,High
CVE-2023-43552,2024,March,High
CVE-2023-43553,2024,March,High
CVE-2023-33042,2024,March,High
CVE-2023-33066,2024,March,High
CVE-2023-33105,2024,March,High
CVE-2023-43539,2024,March,High
CVE-2023-43548,2024,March,High
CVE-2023-43549,2024,March,High
CVE-2023-28582,2024,April,Critical
CVE-2024-0022,2024,April,High
CVE-2024-23710,2024,April,High
CVE-2024-23712,2024,April,High
CVE-2024-23713,2024,April,High
CVE-2023-32890,2024,April,High
CVE-2024-20039,2024,April,High
CVE-2024-20040,2024,April,High
CVE-2023-28547,2024,April,High
CVE-2023-33023,2024,April,High
CVE-2023-33084,2024,April,High
CVE-2023-33086,2024,April,High
CVE-2023-33095,2024,April,High
CVE-2023-33096,2024,April,High
CVE-2023-33099,2024,April,High
CVE-2023-33100,2024,April,High
CVE-2023-33101,2024,April,High
CVE-2023-33103,2024,April,High
CVE-2023-33104,2024,April,High
CVE-2023-33115,2024,April,High
CVE-2024-21463,2024,April,High
CVE-2024-21468,2024,April,High
CVE-2024-21472,2024,April,High
CVE-2023-21267,2024,April,High
CVE-2024-0026,2024,April,High
CVE-2024-0027,2024,April,High
CVE-2024-23704,2024,April,High
CVE-2024-0042,2024,April,High
CVE-2022-42719,2023,January,Critical
CVE-2022-42720,2023,January,Critical
CVE-2022-42721,2023,January,Critical
CVE-2022-41674,2023,January,Critical
CVE-2022-22088,2023,January,Critical
CVE-2021-35097,2023,January,Critical
CVE-2021-35113,2023,January,Critical
CVE-2021-35134,2023,January,Critical
CVE-2022-20456,2023,January,High
CVE-2022-20489,2023,January,High
CVE-2022-20490,2023,January,High
CVE-2022-20492,2023,January,High
CVE-2022-20493,2023,January,High
CVE-2023-20912,2023,January,High
CVE-2023-20916,2023,January,High
CVE-2023-20919,2023,January,High
CVE-2023-20920,2023,January,High
CVE-2023-20921,2023,January,High
CVE-2022-20494,2023,January,High
CVE-2023-20922,2023,January,High
CVE-2022-20461,2023,January,High
CVE-2023-20904,2023,January,High
CVE-2023-20905,2023,January,High
CVE-2023-20913,2023,January,High
CVE-2023-20915,2023,January,High
CVE-2022-2959,2023,January,High
CVE-2023-20928,2023,January,High
CVE-2022-32635,2023,January,High
CVE-2022-32636,2023,January,High
CVE-2022-32637,2023,January,High
CVE-2022-33255,2023,January,High
CVE-2022-23960,2023,January,High
CVE-2022-25725,2023,January,High
CVE-2022-25746,2023,January,High
CVE-2022-33252,2023,January,High
CVE-2022-33253,2023,January,High
CVE-2022-33266,2023,January,High
CVE-2022-33274,2023,January,High
CVE-2022-33276,2023,January,High
CVE-2022-33283,2023,January,High
CVE-2022-33284,2023,January,High
CVE-2022-33285,2023,January,High
CVE-2022-33286,2023,January,High
CVE-2022-33243,2023,February,Critical
CVE-2022-33280,2023,February,Critical
CVE-2022-33232,2023,February,Critical
CVE-2022-40514,2023,February,Critical
CVE-2020-27059,2023,February,High
CVE-2022-20551,2023,February,High
CVE-2023-20934,2023,February,High
CVE-2023-20943,2023,February,High
CVE-2023-20944,2023,February,High
CVE-2023-20948,2023,February,High
CVE-2023-20933,2023,February,High
CVE-2022-43680,2023,February,High
CVE-2023-20939,2023,February,High
CVE-2023-20940,2023,February,High
CVE-2023-20945,2023,February,High
CVE-2023-20946,2023,February,High
CVE-2022-20481,2023,February,High
CVE-2023-20932,2023,February,High
CVE-2022-20455,2023,February,High
CVE-2022-39189,2023,February,High
CVE-2022-39842,2023,February,High
CVE-2022-41222,2023,February,High
CVE-2023-20937,2023,February,High
CVE-2023-20938,2023,February,High
CVE-2022-0850,2023,February,High
CVE-2023-20602,2023,February,High
CVE-2022-33221,2023,February,High
CVE-2022-33233,2023,February,High
CVE-2022-33248,2023,February,High
CVE-2022-33271,2023,February,High
CVE-2022-33277,2023,February,High
CVE-2022-33306,2023,February,High
CVE-2022-34145,2023,February,High
CVE-2022-34146,2023,February,High
CVE-2022-40502,2023,February,High
CVE-2022-40512,2023,February,High
CVE-2022-33213,2023,March,Critical
CVE-2022-33256,2023,March,Critical
CVE-2023-20951,2023,March,Critical
CVE-2023-20954,2023,March,Critical
CVE-2023-20906,2023,March,High
CVE-2023-20911,2023,March,High
CVE-2023-20917,2023,March,High
CVE-2023-20947,2023,March,High
CVE-2023-20956,2023,March,High
CVE-2023-20958,2023,March,High
CVE-2023-20963,2023,March,High
CVE-2023-20964,2023,March,High
CVE-2021-33655,2023,March,High
CVE-2023-20620,2023,March,High
CVE-2023-20621,2023,March,High
CVE-2023-20623,2023,March,High
CVE-2022-25655,2023,March,High
CVE-2022-25694,2023,March,High
CVE-2022-25705,2023,March,High
CVE-2022-25709,2023,March,High
CVE-2022-33242,2023,March,High
CVE-2022-33244,2023,March,High
CVE-2022-33250,2023,March,High
CVE-2022-33254,2023,March,High
CVE-2022-33272,2023,March,High
CVE-2022-33278,2023,March,High
CVE-2022-33309,2023,March,High
CVE-2022-40515,2023,March,High
CVE-2022-40527,2023,March,High
CVE-2022-40530,2023,March,High
CVE-2022-40531,2023,March,High
CVE-2022-40535,2023,March,High
CVE-2022-22075,2023,March,High
CVE-2022-40537,2023,March,High
CVE-2022-40540,2023,March,High
CVE-2022-20467,2023,March,High
CVE-2022-20499,2023,March,High
CVE-2022-4452,2023,March,High
CVE-2023-20910,2023,March,High
CVE-2023-20926,2023,March,High
CVE-2023-20929,2023,March,High
CVE-2023-20931,2023,March,High
CVE-2023-20936,2023,March,High
CVE-2023-20952,2023,March,High
CVE-2023-20953,2023,March,High
CVE-2023-20955,2023,March,High
CVE-2023-20957,2023,March,High
CVE-2023-20959,2023,March,High
CVE-2023-20960,2023,March,High
CVE-2023-20962,2023,March,High
CVE-2023-20966,2023,March,High
CVE-2023-21085,2023,April,Critical
CVE-2023-21096,2023,April,Critical
CVE-2022-33231,2023,April,Critical
CVE-2022-33288,2023,April,Critical
CVE-2022-33289,2023,April,Critical
CVE-2022-33302,2023,April,Critical
CVE-2023-21081,2023,April,High
CVE-2023-21088,2023,April,High
CVE-2023-21089,2023,April,High
CVE-2023-21092,2023,April,High
CVE-2023-21094,2023,April,High
CVE-2023-21097,2023,April,High
CVE-2023-21098,2023,April,High
CVE-2023-21090,2023,April,High
CVE-2022-20463,2023,April,High
CVE-2023-20967,2023,April,High
CVE-2023-21084,2023,April,High
CVE-2023-21086,2023,April,High
CVE-2023-21093,2023,April,High
CVE-2023-21099,2023,April,High
CVE-2023-21100,2023,April,High
CVE-2022-20471,2023,April,High
CVE-2023-20909,2023,April,High
CVE-2023-20935,2023,April,High
CVE-2023-21080,2023,April,High
CVE-2023-21082,2023,April,High
CVE-2023-21083,2023,April,High
CVE-2023-21091,2023,April,High
CVE-2022-4696,2023,April,High
CVE-2023-20941,2023,April,High
CVE-2022-32599,2023,April,High
CVE-2023-20652,2023,April,High
CVE-2023-20653,2023,April,High
CVE-2023-20654,2023,April,High
CVE-2023-20655,2023,April,High
CVE-2023-20656,2023,April,High
CVE-2023-20657,2023,April,High
CVE-2022-40503,2023,April,High
CVE-2022-33269,2023,April,High
CVE-2022-33270,2023,April,High
CVE-2022-40532,2023,April,High
CVE-2023-21630,2023,April,High
CVE-2023-20950,2023,April,Moderate
CVE-2021-30285,2022,January,Critical
CVE-2021-39630,2022,January,High
CVE-2021-39632,2022,January,High
CVE-2020-0338,2022,January,High
CVE-2021-39623,2022,January,High
CVE-2021-39618,2022,January,High
CVE-2021-39620,2022,January,High
CVE-2021-39621,2022,January,High
CVE-2021-39622,2022,January,High
CVE-2021-39625,2022,January,High
CVE-2021-39626,2022,January,High
CVE-2021-39627,2022,January,High
CVE-2021-39629,2022,January,High
CVE-2021-0643,2022,January,High
CVE-2021-39628,2022,January,High
CVE-2021-39659,2022,January,High
CVE-2021-0959,2022,January,High
CVE-2021-39634,2022,January,High
CVE-2021-39633,2022,January,High
CVE-2021-31345,2022,January,High
CVE-2021-31346,2022,January,High
CVE-2021-31890,2022,January,High
CVE-2021-40148,2022,January,High
CVE-2021-31889,2022,January,High
CVE-2021-30319,2022,January,High
CVE-2021-30353,2022,January,High
CVE-2021-30287,2022,January,High
CVE-2021-30300,2022,January,High
CVE-2021-30301,2022,January,High
CVE-2021-30307,2022,January,High
CVE-2021-30308,2022,January,High
CVE-2021-30311,2022,January,High
CVE-2021-39675,2022,February,Critical
CVE-2021-30317,2022,February,Critical
CVE-2021-39619,2022,February,High
CVE-2021-39663,2022,February,High
CVE-2021-39676,2022,February,High
CVE-2021-39664,2022,February,High
CVE-2020-13112,2022,February,High
CVE-2020-13113,2022,February,High
CVE-2021-39665,2022,February,High
CVE-2021-39666,2022,February,High
CVE-2021-39668,2022,February,High
CVE-2021-39669,2022,February,High
CVE-2021-39671,2022,February,High
CVE-2021-39674,2022,February,High
CVE-2021-0706,2022,February,High
CVE-2021-39631,2022,February,High
CVE-2022-20024,2022,February,High
CVE-2022-20025,2022,February,High
CVE-2022-20026,2022,February,High
CVE-2022-20027,2022,February,High
CVE-2022-20028,2022,February,High
CVE-2021-35068,2022,February,High
CVE-2021-35069,2022,February,High
CVE-2021-35074,2022,February,High
CVE-2021-35075,2022,February,High
CVE-2021-35077,2022,February,High
CVE-2021-30309,2022,February,High
CVE-2021-30318,2022,February,High
CVE-2021-30322,2022,February,High
CVE-2021-30323,2022,February,High
CVE-2021-30326,2022,February,High
CVE-2021-39708,2022,March,Critical
CVE-2021-1942,2022,March,Critical
CVE-2021-35110,2022,March,Critical
CVE-2021-39692,2022,March,High
CVE-2021-39693,2022,March,High
CVE-2021-39695,2022,March,High
CVE-2021-39697,2022,March,High
CVE-2021-39690,2022,March,High
CVE-2021-39694,2022,March,High
CVE-2021-39667,2022,March,High
CVE-2021-0957,2022,March,High
CVE-2021-39701,2022,March,High
CVE-2021-39702,2022,March,High
CVE-2021-39703,2022,March,High
CVE-2021-39704,2022,March,High
CVE-2021-39706,2022,March,High
CVE-2021-39707,2022,March,High
CVE-2021-39709,2022,March,High
CVE-2020-29368,2022,March,High
CVE-2021-39685,2022,March,High
CVE-2021-39686,2022,March,High
CVE-2021-39698,2022,March,High
CVE-2021-3655,2022,March,High
CVE-2022-20047,2022,March,High
CVE-2022-20048,2022,March,High
CVE-2022-20053,2022,March,High
CVE-2021-35088,2022,March,High
CVE-2021-35103,2022,March,High
CVE-2021-35105,2022,March,High
CVE-2021-35106,2022,March,High
CVE-2021-35117,2022,March,High
CVE-2021-1950,2022,March,High
CVE-2021-30328,2022,March,High
CVE-2021-30329,2022,March,High
CVE-2021-30332,2022,March,High
CVE-2021-30333,2022,March,High
CVE-2021-39689,2022,March,Moderate
CVE-2021-35081,2022,April,Critical
CVE-2021-35112,2022,April,Critical
CVE-2021-35123,2022,April,Critical
CVE-2021-30339,2022,April,Critical
CVE-2021-30341,2022,April,Critical
CVE-2021-30342,2022,April,Critical
CVE-2021-30343,2022,April,Critical
CVE-2021-30347,2022,April,Critical
CVE-2021-35104,2022,April,Critical
CVE-2021-0694,2022,April,High
CVE-2021-39794,2022,April,High
CVE-2021-39795,2022,April,High
CVE-2021-39796,2022,April,High
CVE-2021-39797,2022,April,High
CVE-2021-39798,2022,April,High
CVE-2021-39799,2022,April,High
CVE-2021-39803,2022,April,High
CVE-2021-39804,2022,April,High
CVE-2021-39808,2022,April,High
CVE-2021-39805,2022,April,High
CVE-2021-39809,2022,April,High
CVE-2021-39807,2022,April,High
CVE-2021-0707,2022,April,High
CVE-2021-39801,2022,April,High
CVE-2021-39802,2022,April,High
CVE-2021-39800,2022,April,High
CVE-2022-20081,2022,April,High
CVE-2021-25477,2022,April,High
CVE-2021-30334,2022,April,High
CVE-2021-35091,2022,April,High
CVE-2021-35095,2022,April,High
CVE-2021-35130,2022,April,High
CVE-2021-30281,2022,April,High
CVE-2021-30338,2022,April,High
CVE-2021-30340,2022,April,High
CVE-2021-30344,2022,April,High
CVE-2021-30345,2022,April,High
CVE-2021-30346,2022,April,High
CVE-2021-30349,2022,April,High
CVE-2021-30350,2022,April,High
CVE-2021-35070,2022,April,High
CVE-2021-35100,2022,April,High
CVE-2021-0313,2021,January,Critical
CVE-2021-0316,2021,January,Critical
CVE-2020-11134,2021,January,Critical
CVE-2020-11182,2021,January,Critical
CVE-2021-0303,2021,January,High
CVE-2021-0306,2021,January,High
CVE-2021-0307,2021,January,High
CVE-2021-0310,2021,January,High
CVE-2021-0315,2021,January,High
CVE-2021-0317,2021,January,High
CVE-2021-0318,2021,January,High
CVE-2021-0319,2021,January,High
CVE-2021-0304,2021,January,High
CVE-2021-0309,2021,January,High
CVE-2021-0321,2021,January,High
CVE-2021-0322,2021,January,High
CVE-2019-9376,2021,January,High
CVE-2016-6328,2021,January,High
CVE-2021-0311,2021,January,High
CVE-2021-0312,2021,January,High
CVE-2020-0471,2021,January,High
CVE-2021-0308,2021,January,High
CVE-2021-0320,2021,January,High
CVE-2020-10732,2021,January,High
CVE-2020-10766,2021,January,High
CVE-2020-10767,2021,January,High
CVE-2021-0301,2021,January,High
CVE-2020-11126,2021,January,High
CVE-2020-11159,2021,January,High
CVE-2020-11181,2021,January,High
CVE-2020-11235,2021,January,High
CVE-2020-11238,2021,January,High
CVE-2020-11241,2021,January,High
CVE-2020-11260,2021,January,High
CVE-2020-15999,2021,January,Moderate
CVE-2021-0326,2021,February,Critical
CVE-2020-11272,2021,February,Critical
CVE-2020-11163,2021,February,Critical
CVE-2020-11170,2021,February,Critical
CVE-2021-0341,2021,February,High
CVE-2021-0302,2021,February,High
CVE-2021-0305,2021,February,High
CVE-2021-0314,2021,February,High
CVE-2021-0327,2021,February,High
CVE-2021-0330,2021,February,High
CVE-2021-0334,2021,February,High
CVE-2021-0337,2021,February,High
CVE-2021-0339,2021,February,High
CVE-2021-0340,2021,February,High
CVE-2021-0338,2021,February,High
CVE-2021-0325,2021,February,High
CVE-2021-0332,2021,February,High
CVE-2021-0335,2021,February,High
CVE-2021-0328,2021,February,High
CVE-2021-0329,2021,February,High
CVE-2021-0331,2021,February,High
CVE-2021-0333,2021,February,High
CVE-2021-0336,2021,February,High
CVE-2017-18509,2021,February,High
CVE-2020-11271,2021,February,High
CVE-2020-11277,2021,February,High
CVE-2020-11282,2021,February,High
CVE-2020-11286,2021,February,High
CVE-2020-11297,2021,February,High
CVE-2020-11177,2021,February,High
CVE-2020-11180,2021,February,High
CVE-2020-11187,2021,February,High
CVE-2020-11253,2021,February,High
CVE-2020-11269,2021,February,High
CVE-2020-11270,2021,February,High
CVE-2020-11275,2021,February,High
CVE-2020-11276,2021,February,High
CVE-2020-11278,2021,February,High
CVE-2020-11280,2021,February,High
CVE-2020-11281,2021,February,High
CVE-2020-11283,2021,February,High
CVE-2020-11287,2021,February,High
CVE-2020-11296,2021,February,High
CVE-2021-0397,2021,March,Critical
CVE-2020-11192,2021,March,Critical
CVE-2020-11204,2021,March,Critical
CVE-2020-11218,2021,March,Critical
CVE-2020-11227,2021,March,Critical
CVE-2020-11228,2021,March,Critical
CVE-2021-0395,2021,March,High
CVE-2021-0391,2021,March,High
CVE-2021-0398,2021,March,High
CVE-2017-14491,2021,March,High
CVE-2021-0393,2021,March,High
CVE-2021-0396,2021,March,High
CVE-2021-0390,2021,March,High
CVE-2021-0392,2021,March,High
CVE-2021-0394,2021,March,High
CVE-2021-0399,2021,March,High
CVE-2020-11223,2021,March,High
CVE-2020-11290,2021,March,High
CVE-2020-11308,2021,March,High
CVE-2020-11309,2021,March,High
CVE-2020-11165,2021,March,High
CVE-2020-11166,2021,March,High
CVE-2020-11171,2021,March,High
CVE-2020-11178,2021,March,High
CVE-2020-11186,2021,March,High
CVE-2020-11188,2021,March,High
CVE-2020-11189,2021,March,High
CVE-2020-11190,2021,March,High
CVE-2020-11194,2021,March,High
CVE-2020-11195,2021,March,High
CVE-2020-11198,2021,March,High
CVE-2020-11199,2021,March,High
CVE-2020-11220,2021,March,High
CVE-2020-11221,2021,March,High
CVE-2020-11222,2021,March,High
CVE-2020-11226,2021,March,High
CVE-2020-11299,2021,March,High
CVE-2021-0430,2021,April,Critical
CVE-2020-11210,2021,April,Critical
CVE-2021-0400,2021,April,High
CVE-2021-0426,2021,April,High
CVE-2021-0427,2021,April,High
CVE-2021-0432,2021,April,High
CVE-2021-0438,2021,April,High
CVE-2021-0439,2021,April,High
CVE-2021-0442,2021,April,High
CVE-2021-0443,2021,April,High
CVE-2021-0444,2021,April,High
CVE-2021-0437,2021,April,High
CVE-2021-0436,2021,April,High
CVE-2021-0471,2021,April,High
CVE-2021-0429,2021,April,High
CVE-2021-0433,2021,April,High
CVE-2021-0446,2021,April,High
CVE-2021-0431,2021,April,High
CVE-2021-0435,2021,April,High
CVE-2021-0445,2021,April,High
CVE-2021-0468,2021,April,High
CVE-2020-11234,2021,April,High
CVE-2020-11191,2021,April,High
CVE-2020-11236,2021,April,High
CVE-2020-11237,2021,April,High
CVE-2020-11242,2021,April,High
CVE-2020-11243,2021,April,High
CVE-2020-11245,2021,April,High
CVE-2020-11246,2021,April,High
CVE-2020-11247,2021,April,High
CVE-2020-11251,2021,April,High
CVE-2020-11252,2021,April,High
CVE-2020-11255,2021,April,High
CVE-2020-15436,2021,April,High
CVE-2020-25705,2021,April,High
CVE-2020-0002,2020,January,Critical
CVE-2019-17666,2020,January,Critical
CVE-2020-0001,2020,January,High
CVE-2020-0003,2020,January,High
CVE-2020-0004,2020,January,High
CVE-2020-0006,2020,January,High
CVE-2020-0007,2020,January,High
CVE-2020-0008,2020,January,High
CVE-2018-20856,2020,January,High
CVE-2019-15214,2020,January,High
CVE-2020-0009,2020,January,High
CVE-2018-11843,2020,January,High
CVE-2019-10558,2020,January,High
CVE-2019-10581,2020,January,High
CVE-2019-10585,2020,January,High
CVE-2019-10602,2020,January,High
CVE-2019-10606,2020,January,High
CVE-2019-14010,2020,January,High
CVE-2019-14023,2020,January,High
CVE-2019-14024,2020,January,High
CVE-2019-14034,2020,January,High
CVE-2019-14036,2020,January,High
CVE-2019-2267,2020,January,High
CVE-2019-10548,2020,January,High
CVE-2019-10532,2020,January,High
CVE-2019-10578,2020,January,High
CVE-2019-10579,2020,January,High
CVE-2019-10582,2020,January,High
CVE-2019-10583,2020,January,High
CVE-2019-10611,2020,January,High
CVE-2019-14002,2020,January,High
CVE-2019-14003,2020,January,High
CVE-2019-14004,2020,January,High
CVE-2019-14005,2020,January,High
CVE-2019-14006,2020,January,High
CVE-2019-14008,2020,January,High
CVE-2019-14013,2020,January,High
CVE-2019-14014,2020,January,High
CVE-2019-14016,2020,January,High
CVE-2019-14017,2020,January,High
CVE-2020-0023,2020,February,Critical
CVE-2020-0014,2020,February,High
CVE-2020-0015,2020,February,High
CVE-2019-2200,2020,February,High
CVE-2020-0017,2020,February,High
CVE-2020-0018,2020,February,High
CVE-2020-0020,2020,February,High
CVE-2020-0021,2020,February,High
CVE-2020-0005,2020,February,High
CVE-2020-0026,2020,February,High
CVE-2020-0027,2020,February,High
CVE-2020-0028,2020,February,High
CVE-2020-0030,2020,February,High
CVE-2019-11599,2020,February,High
CVE-2019-14044,2020,February,High
CVE-2019-14046,2020,February,High
CVE-2019-14049,2020,February,High
CVE-2019-14055,2020,February,High
CVE-2019-14063,2020,February,High
CVE-2019-10567,2020,February,High
CVE-2019-10590,2020,February,High
CVE-2019-14051,2020,February,High
CVE-2019-14057,2020,February,High
CVE-2019-14060,2020,February,High
CVE-2020-0022,2020,February,Moderate
CVE-2020-0032,2020,March,Critical
CVE-2019-2317,2020,March,Critical
CVE-2019-10586,2020,March,Critical
CVE-2019-10587,2020,March,Critical
CVE-2019-10593,2020,March,Critical
CVE-2019-10594,2020,March,Critical
CVE-2019-10612,2020,March,Critical
CVE-2019-14031,2020,March,Critical
CVE-2019-14045,2020,March,Critical
CVE-2019-14071,2020,March,Critical
CVE-2019-14083,2020,March,Critical
CVE-2019-14086,2020,March,Critical
CVE-2019-14030,2020,March,Critical
CVE-2019-14097,2020,March,Critical
CVE-2019-14098,2020,March,Critical
CVE-2019-10546,2020,March,Critical
CVE-2019-14095,2020,March,Critical
CVE-2020-0031,2020,March,High
CVE-2020-0033,2020,March,High
CVE-2020-0034,2020,March,High
CVE-2020-0036,2020,March,High
CVE-2020-0035,2020,March,High
CVE-2020-0029,2020,March,High
CVE-2020-0037,2020,March,High
CVE-2020-0038,2020,March,High
CVE-2020-0039,2020,March,High
CVE-2019-19527,2020,March,High
CVE-2019-19537,2020,March,High
CVE-2019-15239,2020,March,High
CVE-2020-0041,2020,March,High
CVE-2020-0069,2020,March,High
CVE-2019-14079,2020,March,High
CVE-2018-11838,2020,March,High
CVE-2019-10526,2020,March,High
CVE-2019-10569,2020,March,High
CVE-2019-14029,2020,March,High
CVE-2019-14032,2020,March,High
CVE-2019-14068,2020,March,High
CVE-2019-14072,2020,March,High
CVE-2018-11970,2020,March,High
CVE-2019-10603,2020,March,High
CVE-2019-10616,2020,March,High
CVE-2019-10549,2020,March,High
CVE-2019-10550,2020,March,High
CVE-2019-10552,2020,March,High
CVE-2019-10553,2020,March,High
CVE-2019-10554,2020,March,High
CVE-2019-10577,2020,March,High
CVE-2019-14026,2020,March,High
CVE-2019-14027,2020,March,High
CVE-2019-14028,2020,March,High
CVE-2019-2300,2020,March,High
CVE-2019-2311,2020,March,High
CVE-2019-14050,2020,March,High
CVE-2019-14081,2020,March,High
CVE-2019-14082,2020,March,High
CVE-2019-14085,2020,March,High
CVE-2019-14048,2020,March,High
CVE-2019-14061,2020,March,High
CVE-2019-10604,2020,March,High
CVE-2019-10591,2020,March,High
CVE-2019-14000,2020,March,High
CVE-2019-14015,2020,March,High
CVE-2020-0070,2020,April,Critical
CVE-2020-0071,2020,April,Critical
CVE-2020-0072,2020,April,Critical
CVE-2020-0073,2020,April,Critical
CVE-2019-14131,2020,April,Critical
CVE-2019-10575,2020,April,Critical
CVE-2019-10588,2020,April,Critical
CVE-2019-10609,2020,April,Critical
CVE-2019-14110,2020,April,Critical
CVE-2019-14111,2020,April,Critical
CVE-2019-14112,2020,April,Critical
CVE-2019-14113,2020,April,Critical
CVE-2019-14114,2020,April,Critical
CVE-2020-0080,2020,April,High
CVE-2020-0081,2020,April,High
CVE-2020-0082,2020,April,High
CVE-2019-5018,2020,April,High
CVE-2019-8457,2020,April,High
CVE-2020-0078,2020,April,High
CVE-2020-0079,2020,April,High
CVE-2019-2056,2020,April,High
CVE-2019-19524,2020,April,High
CVE-2019-19532,2020,April,High
CVE-2019-19807,2020,April,High
CVE-2019-14070,2020,April,High
CVE-2019-14104,2020,April,High
CVE-2019-14122,2020,April,High
CVE-2019-14132,2020,April,High
CVE-2020-3651,2020,April,High
CVE-2019-10483,2020,April,High
CVE-2019-10551,2020,April,High
CVE-2019-10589,2020,April,High
CVE-2019-10608,2020,April,High
CVE-2019-10610,2020,April,High
CVE-2019-14001,2020,April,High
CVE-2019-14007,2020,April,High
CVE-2019-14009,2020,April,High
CVE-2019-14011,2020,April,High
CVE-2019-14012,2020,April,High
CVE-2019-14018,2020,April,High
CVE-2019-14019,2020,April,High
CVE-2019-14020,2020,April,High
CVE-2019-14021,2020,April,High
CVE-2019-14022,2020,April,High
CVE-2019-14033,2020,April,High
CVE-2019-14075,2020,April,High
CVE-2019-14105,2020,April,High
CVE-2019-14127,2020,April,High
CVE-2019-14134,2020,April,High
CVE-2019-14135,2020,April,High
CVE-2020-3651,2020,April,High
CVE-2019-9936,2020,April,Moderate
CVE-2018-9583,2019,January,Critical
CVE-2018-11847,2019,January,Critical
CVE-2018-9582,2019,January,High
CVE-2018-9584,2019,January,High
CVE-2018-9585,2019,January,High
CVE-2018-9586,2019,January,High
CVE-2018-9587,2019,January,High
CVE-2018-9588,2019,January,High
CVE-2018-9589,2019,January,High
CVE-2018-9590,2019,January,High
CVE-2018-9591,2019,January,High
CVE-2018-9592,2019,January,High
CVE-2018-9593,2019,January,High
CVE-2018-9594,2019,January,High
CVE-2018-10876,2019,January,High
CVE-2018-10880,2019,January,High
CVE-2018-10882,2019,January,High
CVE-2018-13405,2019,January,High
CVE-2018-18281,2019,January,High
CVE-2018-17182,2019,January,High
CVE-2018-10877,2019,January,High
CVE-2018-11962,2019,January,High
CVE-2018-12014,2019,January,High
CVE-2018-13889,2019,January,High
CVE-2018-11888,2019,January,High
CVE-2018-13888,2019,January,High
CVE-2019-1986,2019,February,Critical
CVE-2019-1987,2019,February,Critical
CVE-2019-1988,2019,February,Critical
CVE-2019-1991,2019,February,Critical
CVE-2019-1992,2019,February,Critical
CVE-2018-11262,2019,February,Critical
CVE-2018-11289,2019,February,Critical
CVE-2018-11820,2019,February,Critical
CVE-2018-11938,2019,February,Critical
CVE-2018-11945,2019,February,Critical
CVE-2017-17760,2019,February,High
CVE-2018-5268,2019,February,High
CVE-2018-5269,2019,February,High
CVE-2019-1993,2019,February,High
CVE-2019-1994,2019,February,High
CVE-2019-1995,2019,February,High
CVE-2019-1996,2019,February,High
CVE-2019-1997,2019,February,High
CVE-2019-1998,2019,February,High
CVE-2018-10879,2019,February,High
CVE-2019-1999,2019,February,High
CVE-2019-2000,2019,February,High
CVE-2019-2001,2019,February,High
CVE-2018-11280,2019,February,High
CVE-2018-11275,2019,February,High
CVE-2018-13900,2019,February,High
CVE-2018-13905,2019,February,High
CVE-2018-11268,2019,February,High
CVE-2018-11845,2019,February,High
CVE-2018-11864,2019,February,High
CVE-2018-11921,2019,February,High
CVE-2018-11931,2019,February,High
CVE-2018-11932,2019,February,High
CVE-2018-11935,2019,February,High
CVE-2018-11948,2019,February,High
CVE-2018-5839,2019,February,High
CVE-2018-13904,2019,February,High
CVE-2017-18009,2019,February,Moderate
CVE-2019-1989,2019,March,Critical
CVE-2019-1990,2019,March,Critical
CVE-2019-2009,2019,March,Critical
CVE-2017-8252,2019,March,Critical
CVE-2017-8252,2019,March,Critical
CVE-2018-11817,2019,March,Critical
CVE-2018-11817,2019,March,Critical
CVE-2017-8252,2019,March,Critical
CVE-2017-8252,2019,March,Critical
CVE-2017-8252,2019,March,Critical
CVE-2018-11958,2019,March,Critical
CVE-2018-20346,2019,March,High
CVE-2019-1985,2019,March,High
CVE-2019-2003,2019,March,High
CVE-2019-2004,2019,March,High
CVE-2019-2006,2019,March,High
CVE-2019-2007,2019,March,High
CVE-2019-2008,2019,March,High
CVE-2019-2010,2019,March,High
CVE-2019-2011,2019,March,High
CVE-2019-2012,2019,March,High
CVE-2019-2013,2019,March,High
CVE-2019-2014,2019,March,High
CVE-2019-2015,2019,March,High
CVE-2019-2016,2019,March,High
CVE-2019-2017,2019,March,High
CVE-2019-2018,2019,March,High
CVE-2018-9561,2019,March,High
CVE-2018-9563,2019,March,High
CVE-2018-9564,2019,March,High
CVE-2019-2019,2019,March,High
CVE-2019-2020,2019,March,High
CVE-2019-2021,2019,March,High
CVE-2019-2022,2019,March,High
CVE-2019-2023,2019,March,High
CVE-2018-10883,2019,March,High
CVE-2019-2024,2019,March,High
CVE-2019-2025,2019,March,High
CVE-2018-13899,2019,March,High
CVE-2018-13917,2019,March,High
CVE-2018-11966,2019,March,High
CVE-2018-11970,2019,March,High
CVE-2018-11971,2019,March,High
CVE-2018-13918,2019,March,High
CVE-2019-2005,2019,March,Moderate
CVE-2019-2027,2019,April,Critical
CVE-2019-2028,2019,April,Critical
CVE-2019-2029,2019,April,Critical
CVE-2018-11940,2019,April,Critical
CVE-2018-11271,2019,April,Critical
CVE-2018-11976,2019,April,Critical
CVE-2018-12004,2019,April,Critical
CVE-2018-13886,2019,April,Critical
CVE-2018-13887,2019,April,Critical
CVE-2019-2250,2019,April,Critical
CVE-2019-2026,2019,April,High
CVE-2019-2030,2019,April,High
CVE-2019-2031,2019,April,High
CVE-2019-2033,2019,April,High
CVE-2019-2034,2019,April,High
CVE-2019-2035,2019,April,High
CVE-2019-2038,2019,April,High
CVE-2019-2039,2019,April,High
CVE-2019-2040,2019,April,High
CVE-2019-2032,2019,April,High
CVE-2019-2041,2019,April,High
CVE-2019-2037,2019,April,High
CVE-2017-17772,2019,April,High
CVE-2018-11294,2019,April,High
CVE-2018-5855,2019,April,High
CVE-2018-11299,2019,April,High
CVE-2018-11826,2019,April,High
CVE-2018-11827,2019,April,High
CVE-2018-11840,2019,April,High
CVE-2018-11851,2019,April,High
CVE-2018-11860,2019,April,High
CVE-2018-11868,2019,April,High
CVE-2018-11869,2019,April,High
CVE-2018-11878,2019,April,High
CVE-2018-11889,2019,April,High
CVE-2018-11891,2019,April,High
CVE-2018-11894,2019,April,High
CVE-2018-11895,2019,April,High
CVE-2018-11897,2019,April,High
CVE-2018-11902,2019,April,High
CVE-2018-11904,2019,April,High
CVE-2018-11905,2019,April,High
CVE-2018-11923,2019,April,High
CVE-2018-11924,2019,April,High
CVE-2018-11925,2019,April,High
CVE-2018-11927,2019,April,High
CVE-2018-11930,2019,April,High
CVE-2018-11937,2019,April,High
CVE-2018-11949,2019,April,High
CVE-2018-11953,2019,April,High
CVE-2018-13920,2019,April,High
CVE-2018-11291,2019,April,High
CVE-2018-11821,2019,April,High
CVE-2018-11822,2019,April,High
CVE-2018-11828,2019,April,High
CVE-2018-11849,2019,April,High
CVE-2018-11850,2019,April,High
CVE-2018-11853,2019,April,High
CVE-2018-11854,2019,April,High
CVE-2018-11856,2019,April,High
CVE-2018-11859,2019,April,High
CVE-2018-11861,2019,April,High
CVE-2018-11862,2019,April,High
CVE-2018-11867,2019,April,High
CVE-2018-11870,2019,April,High
CVE-2018-11871,2019,April,High
CVE-2018-11872,2019,April,High
CVE-2018-11873,2019,April,High
CVE-2018-11874,2019,April,High
CVE-2018-11875,2019,April,High
CVE-2018-11876,2019,April,High
CVE-2018-11877,2019,April,High
CVE-2018-11879,2019,April,High
CVE-2018-11880,2019,April,High
CVE-2018-11882,2019,April,High
CVE-2018-11884,2019,April,High
CVE-2018-11928,2019,April,High
CVE-2018-11936,2019,April,High
CVE-2018-11967,2019,April,High
CVE-2018-11967,2019,April,High
CVE-2018-11968,2019,April,High
CVE-2018-12005,2019,April,High
CVE-2018-12012,2019,April,High
CVE-2018-12013,2019,April,High
CVE-2018-13885,2019,April,High
CVE-2018-13895,2019,April,High
CVE-2018-13925,2019,April,High
CVE-2019-2244,2019,April,High
CVE-2019-2245,2019,April,High