CVE,Severity,Year,Month,Affected Versions
CVE-2020-9138,Low,2020,12,"EMUI 10.1.1, EMUI 10.1.0, EMUI 10.0.0, EMUI 9.1.1, EMUI 9.1.0, Magic UI 3.1.1, Magic UI 3.1.0, Magic UI 3.0.0, Magic UI 2.1.1"
CVE-2020-9139,High,2020,12,"EMUI 11.0.0, EMUI 10.1.1, EMUI 10.1.0, EMUI 10.0.0, EMUI 9.1.1, EMUI 9.1.0, Magic UI 4.0.0, Magic UI 3.1.1, Magic UI 3.1.0, Magic UI 3.0.0, Magic UI 2.1.1"
CVE-2020-9140,Medium,2020,12,"EMUI 11.0.0, EMUI 10.1.1, EMUI 10.1.0, EMUI 10.0.0, EMUI 9.1.1, EMUI 9.1.0, Magic UI 4.0.0, Magic UI 3.1.1, Magic UI 3.1.0, Magic UI 3.0.0, Magic UI 2.1.1"
CVE-2020-9141,Medium,2020,12,"EMUI 10.1.1, EMUI 10.1.0, Magic UI 3.1.1, Magic UI 3.1.0"
CVE-2020-9142,Low,2020,12,"EMUI 11.0.0, EMUI 10.1.1, EMUI 10.1.0, EMUI 10.0.0, EMUI 9.1.1, EMUI 9.1.0, Magic UI 4.0.0, Magic UI 3.1.1, Magic UI 3.1.0, Magic UI 3.0.0, Magic UI 2.1.1"
CVE-2020-9143,Medium,2020,12,"EMUI 10.1.1, EMUI 10.1.0, EMUI 10.0.0, EMUI 9.1.1, EMUI 9.1.0, Magic UI 3.1.1, Magic UI 3.1.0, Magic UI 3.0.0, Magic UI 2.1.1"
CVE-2020-9144,Medium,2020,12,"EMUI 11.0.0, EMUI 10.1.1, EMUI 10.1.0, EMUI 10.0.0, EMUI 9.1.1, EMUI 9.1.0, Magic UI 4.0.0, Magic UI 3.1.1, Magic UI 3.1.0, Magic UI 3.0.0, Magic UI 2.1.1"
CVE-2020-9145,High,2020,12,"EMUI 10.1.1, EMUI 10.1.0, EMUI 10.0.0, Magic UI 3.1.1, Magic UI 3.1.0, Magic UI 3.0.0"
CVE-2020-9158,Low,2021,1,"EMUI 11.0.0, EMUI 10.1.1, EMUI 10.1.0, EMUI 10.0.0, EMUI 9.1.1, EMUI 9.1.0, Magic UI 4.0.0, Magic UI 3.1.1, Magic UI 3.1.0, Magic UI 3.0.0, Magic UI 2.1.1, EMUI 8.2, EMUI 8.0"
CVE-2020-9149,High,2021,1,"EMUI 11.0.0, EMUI 10.1.1, EMUI 10.1.0, EMUI 10.0.0, Magic UI 4.0.0, Magic UI 3.1.1, Magic UI 3.1.0, Magic UI 3.0.0"
CVE-2020-9148,High,2021,1,"EMUI 11.0.0, EMUI 10.1.1, EMUI 10.1.0, EMUI 10.0.0, EMUI 9.1.0, Magic UI 4.0.0, Magic UI 3.1.1, Magic UI 3.1.0, Magic UI 3.0.0"
CVE-2020-9147,Medium,2021,1,"EMUI 11.0.0, EMUI 10.1.1, EMUI 10.1.0, EMUI 10.0.0, Magic UI 4.0.0, Magic UI 3.1.1, Magic UI 3.1.0, Magic UI 3.0.0"
CVE-2020-9146,Medium,2021,1,"EMUI 11.0.0, EMUI 10.1.1, EMUI 10.1.0, EMUI 10.0.0, Magic UI 4.0.0, Magic UI 3.1.1, Magic UI 3.1.0, Magic UI 3.0.0"
CVE-2021-22317,Medium,2021,2,"EMUI 11.0.0, Magic UI 4.0.0"
CVE-2021-22316：Logic bypass vulnerability in some Huawei products due to design defects,Medium,2021,2,"EMUI 11.0.1, EMUI 11.0.0, EMUI 10.1.1, Magic UI 4.0.0, Magic UI 3.1.1"
CVE-2021-22313,High,2021,2,"EMUI 11.0.1, EMUI 11.0.0, EMUI 10.1.1, EMUI 10.1.0, Magic UI 4.0.0, Magic UI 3.1.1, Magic UI 3.1.0"
CVE-2021-22308,Low,2021,2,"EMUI 11.0.0, EMUI 10.1.1, EMUI 10.1.0, EMUI 10.0.0, Magic UI 4.0.0, Magic UI 3.1.1, Magic UI 3.1.0, Magic UI 3.0.0"
CVE-2021-22325,Medium,2021,3,"EMUI 11.0.0, Magic UI 4.0.0"
CVE-2021-22324,High,2021,3,"EMUI 11.0.0, Magic UI 4.0.0"
CVE-2021-22322,Medium,2021,3,"EMUI 11.0.0, Magic UI 4.0.0"
CVE-2021-22317,Medium,2021,3,"EMUI 11.0.0, EMUI 10.1.1, EMUI 10.1.0, EMUI 10.0.0, EMUI 9.1.1, EMUI 9.1.0, Magic UI 4.0.0, Magic UI 3.1.1, Magic UI 3.1.0, Magic UI 3.0.0, Magic UI 2.1.1"
CVE-2021-22316：Logic bypass vulnerability in some HUAWEI products due to design defects,Medium,2021,3,"EMUI 10.1.0, EMUI 10.0.0, EMUI 9.1.1, EMUI 9.1.0, Magic UI 3.1.0, Magic UI 3.0.0, Magic UI 2.1.0"
CVE-2021-22337,Medium,2021,4,"EMUI 11.0.0, EMUI 10.1.1, EMUI 10.1.0, EMUI 10.0.0, EMUI 9.1.1, EMUI 9.1.0, Magic UI 4.0.0, Magic UI 3.1.1, Magic UI 3.1.0, Magic UI 3.0.0, Magic UI 2.1.1"
CVE-2021-22336,Medium,2021,4,"EMUI 11.0.0, EMUI 10.1.1, EMUI 10.1.0, EMUI 10.0.0, Magic UI 4.0.0, Magic UI 3.1.1, Magic UI 3.1.0, Magic UI 3.0.0"
CVE-2021-22335,Medium,2021,4,"EMUI 11.0.0, EMUI 10.1.1, EMUI 10.1.0, EMUI 10.0.0, EMUI 9.1.1, EMUI 9.1.0, Magic UI 4.0.0, Magic UI 3.1.1, Magic UI 3.1.0, Magic UI 3.0.0, Magic UI 2.1.1"
CVE-2021-22334,Medium,2021,4,"EMUI 11.0.0, EMUI 10.1.1, Magic UI 4.0.0, Magic UI 3.1.1"
CVE-2021-22333,High,2021,4,"EMUI 11.0.0, EMUI 10.1.1, EMUI 10.1.0, EMUI 10.0.0, EMUI 9.1.1, EMUI 9.1.0, Magic UI 4.0.0, Magic UI 3.1.1, Magic UI 3.1.0, Magic UI 3.0.0, Magic UI 2.1.1"
CVE-2021-22351,Medium,2021,5,"EMUI 11.0.1, EMUI 11.0.0, EMUI 10.1.1, Magic UI 4.0.0, Magic UI 3.1.1"
CVE-2020-25685,Low,2021,5,"EMUI 11.0.1,EMUI 11.0.0, EMUI 10.1.1, Magic UI 4.0.0, Magic UI 3.1.1"
CVE-2021-22374,Medium,2021,5,"EMUI 11.0.1, EMUI 11.0.0, EMUI 10.1.1, Magic UI 4.0.0, Magic UI 3.1.1"
CVE-2021-22373,Medium,2021,5,"EMUI 11.0.0, EMUI 10.1.1, Magic UI 4.0.0, Magic UI 3.1.1"
CVE-2021-22372,High,2021,5,"EMUI 11.0.0, Magic UI 4.0.0"
CVE-2021-22371,High,2021,5,"EMUI 11.0.1, EMUI 11.0.0, EMUI 10.1.1, Magic UI 4.0.0, Magic UI 3.1.1"
CVE-2021-22370,High,2021,5,"EMUI 11.0.0, Magic UI 4.0.0"
CVE-2021-22369,High,2021,5,"EMUI 11.0.0, EMUI 10.1.1, Magic UI 4.0.0, Magic UI 3.1.1"
CVE-2021-22368,High,2021,5,"EMUI 10.1.1, Magic UI 3.1.1"
CVE-2021-22367,High,2021,5,"EMUI 11.0.0, EMUI 10.1.1, EMUI 10.1.0, EMUI 10.0.0, EMUI 9.1.1, EMUI 9.1.0 Magic UI 4.0.0, Magic UI 3.1.1, Magic UI 3.1.0, Magic UI 3.0.0, Magic UI 2.1.1"
CVE-2021-22354,Low,2021,5,"EMUI 11.0.0, EMUI 10.1.1, Magic UI 4.0.0, Magic UI 3.1.1"
CVE-2021-22353,Low,2021,5,"EMUI 11.0.0, EMUI 10.1.1, Magic UI 4.0.0, Magic UI 3.1.1"
CVE-2021-22352,Medium,2021,5,"EMUI 11.0.1, EMUI 11.0.0, EMUI 10.1.1, Magic UI 4.0.0, Magic UI 3.1.1"
CVE-2021-22375,High,2021,5,"EMUI11.0.0,Magic UI 4.0.0"
CVE-2021-22350,Medium,2021,5,"EMUI 11.0.0, EMUI 10.1.1, Magic UI 4.0.0, Magic UI 3.1.1"
CVE-2021-22349,Medium,2021,5,"EMUI 11.0.0, EMUI 10.1.1, Magic UI 4.0.0, Magic UI 3.1.1"
CVE-2021-22348,High,2021,5,"EMUI 11.0.0, EMUI 10.1.1, Magic UI 4.0.0, Magic UI 3.1.1"
CVE-2021-22347,Medium,2021,5,"EMUI 11.0.1, EMUI 11.0.0, EMUI 10.1.1, Magic UI 4.0.0, Magic UI 3.1.1"
CVE-2021-22346,High,2021,5,"EMUI 11.0.0, EMUI 10.1.1, Magic UI 4.0.0, Magic UI 3.1.1"
CVE-2021-22345,Medium,2021,5,"EMUI 11.0.1, EMUI 11.0.0, EMUI 10.1.1, Magic UI 4.0.0, Magic UI 3.1.1"
CVE-2021-22344,Medium,2021,5,"EMUI 11.0.1, EMUI 11.0.0, EMUI 10.1.1, Magic UI 4.0.0, Magic UI 3.1.1"
CVE-2021-22343,High,2021,5,"EMUI 11.0.1, EMUI 11.0.0, EMUI 10.1.1, Magic UI 4.0.0, Magic UI 3.1.1"
CVE-2021-22326,Medium,2021,5,"EMUI 11.0.1, EMUI 11.0.0, EMUI 10.1.1, Magic UI 4.0.0, Magic UI 3.1.1"
CVE-2021-22323,High,2021,5,"EMUI 11.0.0, EMUI 10.1.1, Magic UI 4.0.0, Magic UI 3.1.1"
CVE-2020-25686,Low,2021,5,"EMUI 11.0.1, EMUI 11.0.0, EMUI 10.1.1, Magic UI 4.0.0, Magic UI 3.1.1"
CVE-2021-22376,High,2021,5,"EMUI11.0.0,Magic UI 4.0.0"
CVE-2021-22380,High,2021,5,EMUI 9.1.0
CVE-2020-25684,Low,2021,5,"EMUI 11.0.1, EMUI 11.0.0, EMUI 10.1.1, Magic UI 4.0.0, Magic UI 3.1.1"
CVE-2021-22388,Medium,2021,6,"EMUI 11.0.0, Magic UI 4.0.0"
CVE-2020-24587,High,2021,6,"EMUI 11.0.0, EMUI 10.1.1, EMUI 10.1.0, EMUI 10.0.0, EMUI 9.1.0, Magic UI 4.0.0, Magic UI 3.1.1, Magic UI 3.1.0, Magic UI 3.0.0, Magic UI 2.1.1"
CVE-2021-22445,High,2021,6,"EMUI 11.0.0, EMUI 10.1.1, EMUI 10.1.0, EMUI 10.0.0, EMUI 9.1.1, EMUI 9.1.0, Magic UI 4.0.0, Magic UI 3.1.1, Magic UI 3.1.0, Magic UI 3.0.0, Magic UI 2.1.1"
CVE-2021-22444,High,2021,6,"EMUI 11.0.0, EMUI 10.1.1, EMUI 10.1.0, EMUI 10.0.0, EMUI 9.1.1, EMUI 9.1.0, Magic UI 4.0.0, Magic UI 3.1.1, Magic UI 3.1.0, Magic UI 3.0.0, Magic UI 2.1.1"
CVE-2021-22443,High,2021,6,"EMUI 11.0.0, EMUI 10.1.1, EMUI 10.1.0, EMUI 10.0.0, EMUI 9.1.1, EMUI 9.1.0, Magic UI 4.0.0, Magic UI 3.1.1, Magic UI 3.1.0, Magic UI 3.0.0, Magic UI 2.1.1"
CVE-2021-22442,High,2021,6,"EMUI 11.0.0, EMUI 10.1.1, EMUI 10.1.0, EMUI 10.0.0, EMUI 9.1.1, EMUI 9.1.0, Magic UI 4.0.0, Magic UI 3.1.1, Magic UI 3.1.0, Magic UI 3.0.0, Magic UI 2.1.1"
CVE-2021-22438,Medium,2021,6,"EMUI 11.0.0, Magic UI 4.0.0"
CVE-2021-22435,High,2021,6,"EMUI 11.0.0, Magic UI 4.0.0"
CVE-2021-22434,Medium,2021,6,"EMUI 11.0.0, Magic UI 4.0.0"
CVE-2021-22433,Medium,2021,6,"EMUI 11.0.0, Magic UI 4.0.0"
CVE-2021-22432,High,2021,6,"EMUI 11.0.0, Magic UI 4.0.0"
CVE-2021-22431,Medium,2021,6,"EMUI 11.0.0, Magic UI 4.0.0"
CVE-2021-22430,Medium,2021,6,"EMUI 11.0.0, EMUI 10.1.1, EMUI 10.1.0, EMUI 10.0.0, EMUI 9.1.1, EMUI 9.1.0, Magic UI 4.0.0, Magic UI 3.1.1, Magic UI 3.1.0, Magic UI 3.0.0, Magic UI 2.1.1"
CVE-2021-22429,High,2021,6,"EMUI 11.0.0, Magic UI 4.0.0"
CVE-2021-22428,High,2021,6,"EMUI 11.0.0, Magic UI 4.0.0"
CVE-2021-22427,High,2021,6,"EMUI 11.0.0, Magic UI 4.0.0"
CVE-2021-22426,Medium,2021,6,"EMUI 11.0.0, Magic UI 4.0.0"
CVE-2021-22415,Medium,2021,6,"EMUI 11.0.0, Magic UI 4.0.0"
CVE-2021-22414,Medium,2021,6,"EMUI 10.0.0, EMUI 9.1.0, Magic UI 3.0.0, EMUI 8.2, EMUI 8.0"
CVE-2021-22413,Medium,2021,6,"EMUI 10.0.0, EMUI 9.1.0, Magic UI 3.0.0, EMUI 8.2, EMUI 8.0"
CVE-2021-22412,Medium,2021,6,"EMUI 11.0.0, Magic UI 4.0.0"
CVE-2021-22392,High,2021,6,"EMUI 11.0.0, EMUI 10.1.1, EMUI 10.1.0, EMUI 10.0.0, EMUI 9.1.1, EMUI 9.1.0, Magic UI 4.0.0, Magic UI 3.1.1, Magic UI 3.1.0, Magic UI 3.0.0, Magic UI 2.1.1"
CVE-2021-22391,High,2021,6,"EMUI 11.0.0, EMUI 10.1.1, EMUI 10.1.0, EMUI 10.0.0, EMUI 9.1.1, EMUI 9.1.0, Magic UI 4.0.0, Magic UI 3.1.1, Magic UI 3.1.0, Magic UI 3.0.0, Magic UI 2.1.1"
CVE-2021-22390,Medium,2021,6,"EMUI 11.0.0, Magic UI 4.0.0"
CVE-2021-22389,Medium,2021,6,"EMUI 11.0.0, Magic UI 4.0.0"
CVE-2021-22446,High,2021,6,"EMUI 11.0.0, EMUI 10.1.1, EMUI 10.1.0, EMUI 10.0.0, EMUI 9.1.1, EMUI 9.1.0, Magic UI 4.0.0, Magic UI 3.1.1, Magic UI 3.1.0, Magic UI 3.0.0, Magic UI 2.1.1"
CVE-2021-22387,Medium,2021,6,"EMUI 11.0.0, EMUI 10.1.1, EMUI 10.1.0, Magic UI 4.0.0, Magic UI 3.1.1, Magic UI 3.1.0"
CVE-2021-22386,High,2021,6,"EMUI 11.0.0, Magic UI 4.0.0"
CVE-2021-22385,High,2021,6,"EMUI 11.0.0, EMUI 10.1.1, EMUI 10.1.0, Magic UI 4.0.0, Magic UI 3.1.1, Magic UI 3.1.0"
CVE-2021-22384,Medium,2021,6,"EMUI 11.0.0, Magic UI 4.0.0"
CVE-2021-22381,Medium,2021,6,"EMUI 11.0.0, EMUI 10.1.1, Magic UI 4.0.0, Magic UI 3.1.1"
CVE-2021-22380,High,2021,6,"EMUI 11.0.0, EMUI 10.1.1, EMUI 10.1.0, EMUI 10.0.0, EMUI 9.1.0, Magic UI 4.0.0, Magic UI 3.1.1, Magic UI 3.1.0, Magic UI 3.0.0"
CVE-2021-22379,Low,2021,6,"EMUI 11.0.0, Magic UI 4.0.0"
CVE-2021-22376,High,2021,6,"EMUI 10.1.1, Magic UI 3.1.1"
CVE-2021-22375,High,2021,6,"EMUI 10.1.1, Magic UI 3.1.1"
CVE-2021-22370,High,2021,6,"EMUI 11.0.0, Magic UI 4.0.0"
CVE-2021-22367,High,2021,6,"EMUI 11.0.0, EMUI 10.1.1, Magic UI 4.0.0, Magic UI 3.1.1"
CVE-2021-22319,Medium,2021,6,"EMUI 11.0.0, Magic UI 4.0.0"
CVE-2020-26558,High,2021,6,"EMUI 11.0.0, EMUI 10.1.1, EMUI 10.1.0, EMUI 10.0.0, EMUI 9.1.0, Magic UI 4.0.0, Magic UI 3.1.1, Magic UI 3.1.0, Magic UI 3.0.0, Magic UI 2.1.1"
CVE-2020-26555,High,2021,6,"EMUI 11.0.0, EMUI 10.1.1, EMUI 10.1.0, EMUI 10.0.0, EMUI 9.1.0, Magic UI 4.0.0, Magic UI 3.1.1, Magic UI 3.1.0, Magic UI 3.0.0, Magic UI 2.1.1"
CVE-2020-26147,High,2021,6,"EMUI 11.0.0, EMUI 10.1.1, EMUI 10.1.0, EMUI 10.0.0, EMUI 9.1.0, Magic UI 4.0.0, Magic UI 3.1.1, Magic UI 3.1.0, Magic UI 3.0.0, Magic UI 2.1.1"
CVE-2020-26146,High,2021,6,"EMUI 11.0.0, EMUI 10.1.1, EMUI 10.1.0, EMUI 10.0.0, EMUI 9.1.0, Magic UI 4.0.0, Magic UI 3.1.1, Magic UI 3.1.0, Magic UI 3.0.0, Magic UI 2.1.1"
CVE-2020-26145,High,2021,6,"EMUI 11.0.0, EMUI 10.1.1, EMUI 10.1.0, EMUI 10.0.0, EMUI 9.1.0, Magic UI 4.0.0, Magic UI 3.1.1, Magic UI 3.1.0, Magic UI 3.0.0, Magic UI 2.1.1"
CVE-2020-26144,High,2021,6,"EMUI 11.0.0, EMUI 10.1.1, EMUI 10.1.0, EMUI 10.0.0, EMUI 9.1.0, Magic UI 4.0.0, Magic UI 3.1.1, Magic UI 3.1.0, Magic UI 3.0.0, Magic UI 2.1.1"
CVE-2020-26143,High,2021,6,"EMUI 11.0.0, EMUI 10.1.1, EMUI 10.1.0, EMUI 10.0.0, EMUI 9.1.0, Magic UI 4.0.0, Magic UI 3.1.1, Magic UI 3.1.0, Magic UI 3.0.0, Magic UI 2.1.1"
CVE-2020-26142,High,2021,6,"EMUI 11.0.0, EMUI 10.1.1, EMUI 10.1.0, EMUI 10.0.0, EMUI 9.1.0, Magic UI 4.0.0, Magic UI 3.1.1, Magic UI 3.1.0, Magic UI 3.0.0, Magic UI 2.1.1"
CVE-2020-26141,High,2021,6,"EMUI 11.0.0, EMUI 10.1.1, EMUI 10.1.0, EMUI 10.0.0, EMUI 9.1.0, Magic UI 4.0.0, Magic UI 3.1.1, Magic UI 3.1.0, Magic UI 3.0.0, Magic UI 2.1.1"
CVE-2020-26140,High,2021,6,"EMUI 11.0.0, EMUI 10.1.1, EMUI 10.1.0, EMUI 10.0.0, EMUI 9.1.0, Magic UI 4.0.0, Magic UI 3.1.1, Magic UI 3.1.0, Magic UI 3.0.0, Magic UI 2.1.1"
CVE-2020-26139,High,2021,6,"EMUI 11.0.0, EMUI 10.1.1, EMUI 10.1.0, EMUI 10.0.0, EMUI 9.1.0, Magic UI 4.0.0, Magic UI 3.1.1, Magic UI 3.1.0, Magic UI 3.0.0, Magic UI 2.1.1"
CVE-2020-24588,High,2021,6,"EMUI 11.0.0, EMUI 10.1.1, EMUI 10.1.0, EMUI 10.0.0, EMUI 9.1.0, Magic UI 4.0.0, Magic UI 3.1.1, Magic UI 3.1.0, Magic UI 3.0.0, Magic UI 2.1.1"
CVE-2021-22447,Medium,2021,6,"EMUI 11.0.0, EMUI 10.1.1, EMUI 10.1.0, EMUI 10.0.0, EMUI 9.1.1, EMUI 9.1.0, Magic UI 4.0.0, Magic UI 3.1.1, Magic UI 3.1.0, Magic UI 3.0.0, Magic UI 2.1.1"
CVE-2021-22448,Medium,2021,6,"EMUI 11.0.0, EMUI 10.1.1, EMUI 10.1.0, EMUI 10.0.0, EMUI 9.1.1, EMUI 9.1.0, Magic UI 4.0.0, Magic UI 3.1.1, Magic UI 3.1.0, Magic UI 3.0.0, Magic UI 2.1.1"
CVE-2020-24586,High,2021,6,"EMUI 11.0.0, EMUI 10.1.1, EMUI 10.1.0, EMUI 10.0.0, EMUI 9.1.0, Magic UI 4.0.0, Magic UI 3.1.1, Magic UI 3.1.0, Magic UI 3.0.0, Magic UI 2.1.1"
CVE-2021-22460,Medium,2021,7,"EMUI 11.0.0, EMUI 10.1.1,  Magic UI 4.0.0, Magic UI 3.1.1"
CVE-2021-22388,Medium,2021,7,"EMUI 10.1.1, EMUI 10.1.0,  Magic UI 3.1.1, Magic UI 3.1.0"
CVE-2021-36999,Medium,2021,7,"EMUI 11.0.0, EMUI 10.1.1,  Magic UI 4.0.0, Magic UI 3.1.1"
CVE-2021-36998,Low,2021,7,"EMUI 11.0.0, Magic UI 4.0.0"
CVE-2021-36997,Medium,2021,7,"EMUI 11.0.0, EMUI 10.1.1,  Magic UI 4.0.0, Magic UI 3.1.1"
CVE-2021-36996,Low,2021,7,"EMUI 11.0.0, Magic UI 4.0.0"
CVE-2021-36995,Medium,2021,7,"EMUI 11.0.0, EMUI 10.1.1,  Magic UI 4.0.0, Magic UI 3.1.1"
CVE-2021-36994,Low,2021,7,"EMUI 11.0.0, EMUI 10.1.1,  Magic UI 4.0.0, Magic UI 3.1.1"
CVE-2021-36993,Medium,2021,7,"EMUI 11.0.0, EMUI 10.1.1,  Magic UI 4.0.0, Magic UI 3.1.1"
CVE-2021-36992,Medium,2021,7,"EMUI 11.0.0, EMUI 10.1.1,  Magic UI 4.0.0, Magic UI 3.1.1"
CVE-2021-36991,Medium,2021,7,"EMUI 11.0.0, EMUI 10.1.1,  Magic UI 4.0.0, Magic UI 3.1.1"
CVE-2021-36990,Medium,2021,7,"EMUI 11.0.0, EMUI 10.1.1,  Magic UI 4.0.0, Magic UI 3.1.1"
CVE-2021-36989,Medium,2021,7,"EMUI 11.0.0, EMUI 10.1.1,  Magic UI 4.0.0, Magic UI 3.1.1"
CVE-2021-36988,Medium,2021,7,"EMUI 11.0.0, EMUI 10.1.1,  Magic UI 4.0.0, Magic UI 3.1.1"
CVE-2021-36987,High,2021,7,"EMUI 11.0.0, EMUI 10.1.1,  Magic UI 4.0.0, Magic UI 3.1.1"
CVE-2021-36986,Medium,2021,7,"EMUI 11.0.0, EMUI 10.1.1,  Magic UI 4.0.0, Magic UI 3.1.1"
CVE-2021-36985,Medium,2021,7,"EMUI 11.0.0, EMUI 10.1.1,  Magic UI 4.0.0, Magic UI 3.1.1"
CVE-2021-22491,Medium,2021,7,"EMUI 11.0.0, EMUI 10.1.1,  Magic UI 4.0.0, Magic UI 3.1.1"
CVE-2021-22490,Low,2021,7,"EMUI 11.0.0, EMUI 10.1.1, EMUI 10.1.0, Magic UI 4.0.0, Magic UI 3.1.1, Magic UI 3.1.0"
CVE-2021-22488,Medium,2021,7,"EMUI 11.0.0, EMUI 10.1.1,  Magic UI 4.0.0, Magic UI 3.1.1"
CVE-2021-22487,Medium,2021,7,"EMUI 11.0.0, Magic UI 4.0.0"
CVE-2021-22486,High,2021,7,"EMUI 11.0.0, EMUI 10.1.1,  Magic UI 4.0.0, Magic UI 3.1.1"
CVE-2021-22485,Medium,2021,7,"EMUI 11.0.0, EMUI 10.1.1,  Magic UI 4.0.0, Magic UI 3.1.1"
CVE-2021-22483,Medium,2021,7,"EMUI 11.0.0, EMUI 10.1.1,  Magic UI 4.0.0, Magic UI 3.1.1"
CVE-2021-22482,Low,2021,7,"EMUI 11.0.0, Magic UI 4.0.0"
CVE-2021-22481,Medium,2021,7,"EMUI 11.0.0, Magic UI 4.0.0"
CVE-2021-22475,Low,2021,7,"EMUI 11.0.0, Magic UI 4.0.0"
CVE-2021-22474,Medium,2021,7,"EMUI 11.0.0, Magic UI 4.0.0"
CVE-2021-22473,Medium,2021,7,"EMUI 11.0.0, EMUI 10.1.1, EMUI 10.1.0, EMUI 10.0.0, EMUI 9.1.1, EMUI 9.1.0, Magic UI 4.0.0, Magic UI 3.1.1, Magic UI 3.1.0, Magic UI 3.0.0, Magic UI 2.1.1"
CVE-2021-22472,High,2021,7,"EMUI 11.0.0, Magic UI 4.0.0"
CVE-2021-22469,Medium,2021,7,"EMUI 10.1.1, Magic UI 3.1.1"
CVE-2021-22455,Medium,2021,7,"EMUI 11.0.0, EMUI 10.1.1,  Magic UI 4.0.0, Magic UI 3.1.1"
CVE-2021-22450,High,2021,7,"EMUI 11.0.0, EMUI 10.1.1,  Magic UI 4.0.0, Magic UI 3.1.1"
CVE-2021-22438,Medium,2021,7,"EMUI 10.1.1, EMUI 10.1.0,  Magic UI 3.1.1, Magic UI 3.1.0"
CVE-2021-22436,High,2021,7,"EMUI 11.0.0, EMUI 10.1.1,  Magic UI 4.0.0, Magic UI 3.1.1"
CVE-2021-22435,High,2021,7,"EMUI 10.1.1, Magic UI 3.1.1"
CVE-2021-22434,Medium,2021,7,"EMUI 10.1.1, EMUI 10.1.0,  Magic UI 3.1.1, Magic UI 3.1.0"
CVE-2021-22433,Medium,2021,7,"EMUI 10.1.1, EMUI 10.1.0,  Magic UI 3.1.1, Magic UI 3.1.0"
CVE-2021-22432,High,2021,7,"EMUI 10.1.1, EMUI 10.1.0,  Magic UI 3.1.1, Magic UI 3.1.0"
CVE-2021-22431,Medium,2021,7,"EMUI 10.1.1, EMUI 10.1.0,  Magic UI 3.1.1, Magic UI 3.1.0"
CVE-2021-22429,High,2021,7,"EMUI 10.1.1, EMUI 10.1.0,  Magic UI 3.1.1, Magic UI 3.1.0"
CVE-2021-22426,Medium,2021,7,"EMUI 10.1.1, EMUI 10.1.0,  Magic UI 3.1.1, Magic UI 3.1.0"
CVE-2021-22425,High,2021,7,"EMUI 11.0.0, EMUI 10.1.1,  Magic UI 4.0.0, Magic UI 3.1.1"
CVE-2021-22423,High,2021,7,"EMUI 11.0.0, EMUI 10.1.1,  Magic UI 4.0.0, Magic UI 3.1.1"
CVE-2021-22422,High,2021,7,"EMUI 11.0.0, EMUI 10.1.1,  Magic UI 4.0.0, Magic UI 3.1.1"
CVE-2021-22419,Medium,2021,7,"EMUI 11.0.0, EMUI 10.1.1,  Magic UI 4.0.0, Magic UI 3.1.1"
CVE-2021-22418,High,2021,7,"EMUI 11.0.0, EMUI 10.1.1,  Magic UI 4.0.0, Magic UI 3.1.1"
CVE-2021-22417,High,2021,7,"EMUI 11.0.0, EMUI 10.1.1,  Magic UI 4.0.0, Magic UI 3.1.1"
CVE-2021-22415,Medium,2021,7,"EMUI 10.1.1, EMUI 10.1.0, Magic UI 3.1.1, Magic UI 3.1.0"
CVE-2021-22412,Medium,2021,7,"EMUI 10.1.1, EMUI 10.1.0, Magic UI 3.1.1, Magic UI 3.1.0"
CVE-2021-22407,Low,2021,7,"EMUI 11.0.0, Magic UI 4.0.0"
CVE-2021-22406,Medium,2021,7,"EMUI 11.0.0, EMUI 10.1.1, EMUI 10.1.0, EMUI 10.0.0, EMUI 9.1.1, EMUI 9.1.0, Magic UI 4.0.0, Magic UI 3.1.1, Magic UI 3.1.0, Magic UI 3.0.0, Magic UI 2.1.1"
CVE-2021-22405,Medium,2021,7,"EMUI 11.0.0, Magic UI 4.0.0"
CVE-2021-22404,Low,2021,7,"EMUI 11.0.0, EMUI 10.1.1, EMUI 10.1.0, EMUI 10.0.0, EMUI 9.1.1, EMUI 9.1.0, Magic UI 4.0.0, Magic UI 3.1.1, Magic UI 3.1.0, Magic UI 3.0.0, Magic UI 2.1.1"
CVE-2021-22403,Medium,2021,7,"EMUI 11.0.0, EMUI 10.1.1, EMUI 10.1.0, EMUI 10.0.0, EMUI 9.1.1, EMUI 9.1.0, Magic UI 4.0.0, Magic UI 3.1.1, Magic UI 3.1.0, Magic UI 3.0.0, Magic UI 2.1.1"
CVE-2021-22402,High,2021,7,"EMUI 11.0.0, Magic UI 4.0.0"
CVE-2021-22401,High,2021,7,"EMUI 11.0.0, Magic UI 4.0.0"
CVE-2021-22395,Medium,2021,7,"EMUI 11.0.0, EMUI 10.1.1, EMUI 10.1.0, Magic UI 4.0.0, Magic UI 3.1.1, Magic UI 3.1.0"
CVE-2021-22394,Medium,2021,7,"EMUI 11.0.0, EMUI 10.1.1, EMUI 10.1.0, Magic UI 4.0.0, Magic UI 3.1.1, Magic UI 3.1.0"
CVE-2021-22390,Medium,2021,7,"EMUI 10.1.1, EMUI 10.1.0,  Magic UI 3.1.1, Magic UI 3.1.0"
CVE-2021-22389,Medium,2021,7,"EMUI 10.1.1, EMUI 10.1.0,  Magic UI 3.1.1, Magic UI 3.1.0"
CVE-2021-37001,High,2021,7,"EMUI 11.0.0, Magic UI 4.0.0"
CVE-2021-37002,High,2021,7,"EMUI 11.0.0, Magic UI 4.0.0"
CVE-2021-22367,High,2021,7,"EMUI 10.1.1, EMUI 10.1.0, EMUI 10.0.0, EMUI 9.1.1, EMUI 9.1.0, Magic UI 3.1.1, Magic UI 3.1.0, Magic UI 3.0.0, Magic UI 2.1.1"
CVE-2021-37027,Medium,2021,7,"EMUI 11.0.0, EMUI 10.1.1, EMUI 10.0.0, Magic UI 4.0.0, Magic UI 3.1.1, Magic UI 3.0.0"
CVE-2021-37009,High,2021,7,"EMUI 11.0.0, EMUI 10.1.1, Magic UI 4.0.0, Magic UI 3.1.1"
CVE-2021-33909,High,2021,7,"EMUI 11.0.0, EMUI 10.1.1, Magic UI 4.0.0, Magic UI 3.1.1"
CVE-2021-37035,High,2021,8,"EMUI 11.0.0, Magic UI 4.0.0"
CVE-2021-37034,Medium,2021,8,"EMUI 11.0.0, EMUI 10.1.1, EMUI 10.1.0, EMUI 10.0.0, EMUI 9.1.1, EMUI 9.1.0, Magic UI 4.0.0, Magic UI 3.1.1, Magic UI 3.1.0, Magic UI 3.0.0, Magic UI 2.1.1"
CVE-2021-37033,Medium,2021,8,"EMUI 11.0.0, Magic UI 4.0.0"
CVE-2021-37032,Medium,2021,8,"EMUI 11.0.0, EMUI 10.1.1, EMUI 10.1.0, EMUI 10.0.0, EMUI 9.1.1, EMUI 9.1.0, Magic UI 4.0.0, Magic UI 3.1.1, Magic UI 3.1.0, Magic UI 3.0.0, Magic UI 2.1.1"
CVE-2021-37031,Medium,2021,8,"EMUI 11.0.0, Magic UI 4.0.0"
CVE-2021-37030,Medium,2021,8,"EMUI 11.0.0, EMUI 10.1.1, EMUI 10.1.0, EMUI 10.0.0, EMUI 9.1.1, EMUI 9.1.0, Magic UI 4.0.0, Magic UI 3.1.1, Magic UI 3.1.0, Magic UI 3.0.0, Magic UI 2.1.1"
CVE-2021-37029,Low,2021,8,"EMUI 11.0.0, Magic UI 4.0.0"
CVE-2021-22450,High,2021,9,"EMUI 10.1.0,  EMUI 10.0.0,  EMUI 9.1.1,  EMUI 9.1.0,  Magic UI 3.1.0,  Magic UI 3.0.0,  Magic UI 2.1.1"
CVE-2021-22323,High,2021,9,"EMUI 10.1.1,  EMUI 10.1.0,  Magic UI 3.1.1,  Magic UI 3.1.0"
CVE-2021-37051,Medium,2021,9,"EMUI 11.0.0,  EMUI 10.1.1,  Magic UI 4.0.0,  Magic UI 3.1.1"
CVE-2021-37050,High,2021,9,"EMUI 11.0.0,  EMUI 10.1.1,  Magic UI 4.0.0,  Magic UI 3.1.1"
CVE-2021-37049,Medium,2021,9,"EMUI 11.0.0,  EMUI 10.1.1,  Magic UI 4.0.0,  Magic UI 3.1.1"
CVE-2021-37047,Low,2021,9,"EMUI 11.0.0,  EMUI 10.1.1,  Magic UI 4.0.0,  Magic UI 3.1.1"
CVE-2021-37046,Medium,2021,9,"EMUI 11.0.0,  Magic UI 4.0.0"
CVE-2021-37045,High,2021,9,"EMUI 10.1.0,  Magic UI 3.1.0"
CVE-2021-37044,Medium,2021,9,"EMUI 11.0.0,  EMUI 10.1.1,  Magic UI 4.0.0,  Magic UI 3.1.1"
CVE-2021-37040,Medium,2021,9,"EMUI 11.0.0,  Magic UI 4.0.0"
CVE-2021-37039,Medium,2021,9,"EMUI 11.0.0,  EMUI 10.1.1,  Magic UI 4.0.0,  Magic UI 3.1.1"
CVE-2021-37038,Medium,2021,9,"EMUI 10.1.1,  Magic UI 3.1.1"
CVE-2021-37037,Medium,2021,9,"EMUI 11.0.0,  EMUI 10.1.1,  Magic UI 4.0.0,  Magic UI 3.1.1"
CVE-2021-37027,Medium,2021,9,"EMUI 10.1.0,  EMUI 9.1.1,  EMUI 9.1.0,  Magic UI 3.1.0,  Magic UI 2.1.1"
CVE-2021-37013,Low,2021,9,"EMUI 11.0.0,  EMUI 10.1.1,  Magic UI 4.0.0,  Magic UI 3.1.1"
CVE-2021-37009,High,2021,9,"EMUI 10.1.0,  EMUI 10.0.0,  EMUI 9.1.1,  EMUI 9.1.0,  Magic UI 3.1.0,  Magic UI 3.0.0,  Magic UI 2.1.1"
CVE-2021-37000,High,2021,9,"EMUI 11.0.0,  Magic UI 4.0.0"
CVE-2021-36987,High,2021,9,"EMUI 10.1.0,  EMUI 10.0.0,  EMUI 9.1.1,  EMUI 9.1.0,  Magic UI 3.1.0,  Magic UI 3.0.0,  Magic UI 2.1.1"
CVE-2021-3506,High,2021,9,"EMUI 11.0.0,  Magic UI 4.0.0"
CVE-2021-33909,High,2021,9,"EMUI 10.1.0,  EMUI 10.0.0,  EMUI 9.1.1,  EMUI 9.1.0,  Magic UI 3.1.0,  Magic UI 3.0.0,  Magic UI 2.1.1"
CVE-2021-22486,High,2021,9,"EMUI 10.1.0,  EMUI 10.0.0,  EMUI 9.1.1,  EMUI 9.1.0,  Magic UI 3.1.0,  Magic UI 3.0.0,  Magic UI 2.1.1"
CVE-2021-37052,High,2021,9,"EMUI 11.0.0,  EMUI 10.1.1,  Magic UI 4.0.0,  Magic UI 3.1.1"
CVE-2021-22437,High,2021,9,"EMUI 10.1.1,  EMUI 10.1.0,  Magic UI 3.1.1,  Magic UI 3.1.0"
CVE-2021-22436,High,2021,9,"EMUI 10.1.0,  EMUI 10.0.0,  EMUI 9.1.1,  EMUI 9.1.0,  Magic UI 3.1.0,  Magic UI 3.0.0,  Magic UI 2.1.1"
CVE-2021-22435,High,2021,9,"EMUI 10.1.0,  EMUI 10.0.0,  EMUI 9.1.1,  EMUI 9.1.0,  Magic UI 3.1.0,  Magic UI 3.0.0,  Magic UI 2.1.1"
CVE-2021-22434,Medium,2021,9,"EMUI 10.1.1,  EMUI 10.1.0,  Magic UI 3.1.1,  Magic UI 3.1.0"
CVE-2021-22432,High,2021,9,"EMUI 10.1.1,  EMUI 10.1.0,  Magic UI 3.1.1,  Magic UI 3.1.0"
CVE-2021-22431,Medium,2021,9,"EMUI 10.1.1,  EMUI 10.1.0,  Magic UI 3.1.1,  Magic UI 3.1.0"
CVE-2021-22425,High,2021,9,"EMUI 10.1.0,  EMUI 10.0.0,  EMUI 9.1.1,  EMUI 9.1.0,  Magic UI 3.1.0,  Magic UI 3.0.0,  Magic UI 2.1.1"
CVE-2021-22423,High,2021,9,"EMUI 10.1.1,  EMUI 10.1.0,  Magic UI 3.1.1,  Magic UI 3.1.0"
CVE-2021-22422,High,2021,9,"EMUI 10.1.1,  EMUI 10.1.0,  Magic UI 3.1.1,  Magic UI 3.1.0"
CVE-2021-22418,High,2021,9,"EMUI 10.1.1,  EMUI 10.1.0,  Magic UI 3.1.1,  Magic UI 3.1.0"
CVE-2021-22376,High,2021,9,"EMUI 10.1.0,  EMUI 10.0.0,  EMUI 9.1.1,  EMUI 9.1.0,  Magic UI 3.1.0,  Magic UI 3.0.0,  Magic UI 2.1.1"
CVE-2021-22372,High,2021,9,"EMUI 10.1.1,  EMUI 10.1.0,  Magic UI 3.1.1,  Magic UI 3.1.0"
CVE-2021-22371,High,2021,9,"EMUI 10.1.1,  EMUI 10.1.0,  Magic UI 3.1.1,  Magic UI 3.1.0"
CVE-2021-22370,High,2021,9,"EMUI 10.1.0,  EMUI 10.0.0,  EMUI 9.1.1,  EMUI 9.1.0,  Magic UI 3.1.0,  Magic UI 3.0.0,  Magic UI 2.1.1"
CVE-2021-22369,High,2021,9,"EMUI 10.1.1,  EMUI 10.1.0,  Magic UI 3.1.1,  Magic UI 3.1.0"
CVE-2021-22368,High,2021,9,"EMUI 10.0.0, Magic UI 3.0.0"
CVE-2021-22346,High,2021,9,"EMUI 10.1.0,  EMUI 10.0.0,  EMUI 9.1.1,  EMUI 9.1.0,  Magic UI 3.1.0,  Magic UI 3.0.0,  Magic UI 2.1.1"
CVE-2021-22343,High,2021,9,"EMUI 10.1.0,  EMUI 10.0.0,  EMUI 9.1.1,  EMUI 9.1.0,  Magic UI 3.1.0,  Magic UI 3.0.0,  Magic UI 2.1.1"
CVE-2021-22334,Medium,2021,9,"EMUI 10.1.0,  Magic UI 3.1.0"
CVE-2021-22325,High,2021,9,"EMUI 10.1.1,  EMUI 10.1.0,  Magic UI 3.1.1,  Magic UI 3.1.0"
CVE-2021-37054,Medium,2021,9,"EMUI 10.1.1,  Magic UI 3.1.1"
CVE-2021-37055,Medium,2021,9,"EMUI 11.0.0,  EMUI 10.1.1,  Magic UI 4.0.0,  Magic UI 3.1.1"
CVE-2021-22322,High,2021,9,"EMUI 10.1.1, EMUI 10.1.0,  EMUI 10.0.0,  EMUI 9.1.1,  EMUI 9.1.0,  Magic UI 3.1.1,  Magic UI 3.1.0,  Magic UI 3.0.0,  Magic UI 2.1.1"
CVE-2021-37020,High,2021,10,"EMUI 11.0.1,  EMUI 11.0.0,  EMUI 10.1.1,  EMUI 10.1.0,  EMUI 10.0.0,  EMUI 9.1.0,  Magic UI 4.0.0,  Magic UI 3.1.1,  Magic UI 3.1.0,  Magic UI 3.0.0"
CVE-2021-22326,Medium,2021,10,"EMUI 10.1.0,  EMUI 10.0.0,  Magic UI 3.1.0,  Magic UI 3.0.0"
CVE-2021-37118,Medium,2021,10,"EMUI 10.1.1,  Magic UI 3.1.1"
CVE-2021-37117,Medium,2021,10,"EMUI 11.0.1,  EMUI 11.0.0,  EMUI 10.1.1,  EMUI 10.1.0,  EMUI 10.0.0,  EMUI 9.1.0,  Magic UI 4.0.0,  Magic UI 3.1.1,  Magic UI 3.1.0,  Magic UI 3.0.0"
CVE-2021-37114,Low,2021,10,"EMUI 11.0.1,  EMUI 10.1.1,  Magic UI 3.1.1"
CVE-2021-37113,Medium,2021,10,"EMUI 10.1.0,  EMUI 10.0.0,  EMUI 9.1.1,  EMUI 9.1.0,  Magic UI 3.1.0,  Magic UI 3.0.0,  Magic UI 2.1.1"
CVE-2021-37111,Medium,2021,10,"EMUI 11.0.1,  EMUI 10.1.1,  EMUI 10.1.0,  Magic UI 3.1.1,  Magic UI 3.1.0"
CVE-2021-37103,Medium,2021,10,"EMUI 11.0.0,  EMUI 10.1.1,  EMUI 10.1.0,  EMUI 10.0.0,  EMUI 9.1.1,  EMUI 9.1.0,  Magic UI 4.0.0,  Magic UI 3.1.1,  Magic UI 3.1.0,  Magic UI 3.0.0,  Magic UI 2.1.1"
CVE-2021-37097,Medium,2021,10,"EMUI 11.0.0,  EMUI 10.1.1,  EMUI 10.1.0,  EMUI 10.0.0,  EMUI 9.1.1,  EMUI 9.1.0,  Magic UI 4.0.0,  Magic UI 3.1.1,  Magic UI 3.1.0,  Magic UI 3.0.0,  Magic UI 2.1.1"
CVE-2021-37093,High,2021,10,"EMUI 11.0.0,  EMUI 10.1.1,  Magic UI 4.0.0,  Magic UI 3.1.1"
CVE-2021-37092,Medium,2021,10,"EMUI 10.1.0,  EMUI 10.0.0,  EMUI 9.1.0,  Magic UI 3.1.0,  Magic UI 3.0.0"
CVE-2021-37075,High,2021,10,"EMUI 10.1.0,   Magic UI 3.1.0"
CVE-2021-37056,Medium,2021,10,"EMUI 10.1.0,  EMUI 10.0.0,  EMUI 9.1.1,  EMUI 9.1.0,  Magic UI 3.1.0,  Magic UI 3.0.0,  Magic UI 2.1.1"
CVE-2021-37054,Medium,2021,10,"EMUI 10.1.0,  EMUI 10.0.0,  EMUI 9.1.1,  EMUI 9.1.0,  Magic UI 3.1.0,  Magic UI 3.0.0,  Magic UI 2.1.1"
CVE-2021-37053,Medium,2021,10,"EMUI 11.0.1,  EMUI 11.0.0,  EMUI 10.1.1,  EMUI 10.1.0,  EMUI 10.0.0,  EMUI 9.1.0,  Magic UI 4.0.0,  Magic UI 3.1.1,  Magic UI 3.1.0,  Magic UI 3.0.0"
CVE-2021-37052,High,2021,10,"EMUI 11.0.1,   EMUI 10.1.0,  EMUI 10.0.0,   EMUI 9.1.1,  EMUI 9.1.0,  Magic UI 3.1.0,  Magic UI 3.0.0,  Magic UI 2.1.1"
CVE-2021-37051,Medium,2021,10,"EMUI 11.0.1,   EMUI 10.1.0,  EMUI 10.0.0,   EMUI 9.1.1,  EMUI 9.1.0,  Magic UI 3.1.0,  Magic UI 3.0.0,  Magic UI 2.1.1"
CVE-2021-37050,High,2021,10,"EMUI 11.0.1,   EMUI 10.1.0,  EMUI 10.0.0,   EMUI 9.1.1,  EMUI 9.1.0,  Magic UI 3.1.0,  Magic UI 3.0.0,  Magic UI 2.1.1"
CVE-2021-37049,Medium,2021,10,"EMUI 11.0.1,   EMUI 10.1.0,  EMUI 10.0.0,   EMUI 9.1.1,  EMUI 9.1.0,  Magic UI 3.1.0,  Magic UI 3.0.0,  Magic UI 2.1.1"
CVE-2021-37047,Low,2021,10,"EMUI 10.1.0,   Magic UI 3.1.0"
CVE-2021-37045,High,2021,10,"EMUI 11.0.1,  EMUI 11.0.0,  EMUI 10.1.1,  Magic UI 4.0.0,  Magic UI 3.1.1"
CVE-2021-37044,Medium,2021,10,"EMUI 10.1.0,  EMUI 10.0.0,  EMUI 9.1.1,  EMUI 9.1.0,  Magic UI 3.1.0,  Magic UI 3.0.0,  Magic UI 2.1.1"
CVE-2021-37042,Low,2021,10,"EMUI 11.0.1,  EMUI 11.0.0,  EMUI 10.1.1,  EMUI 10.1.0,  Magic UI 4.0.0,  Magic UI 3.1.1,  Magic UI 3.1.0"
CVE-2021-37041,Low,2021,10,"EMUI 11.0.1,  EMUI 11.0.0,  EMUI 10.1.1,  EMUI 10.1.0,  Magic UI 4.0.0,  Magic UI 3.1.1,  Magic UI 3.1.0"
CVE-2021-37040,Medium,2021,10,"EMUI 10.1.0,  EMUI 10.0.0,  EMUI 9.1.1,  EMUI 9.1.0,  Magic UI 3.1.0,  Magic UI 3.0.0,  Magic UI 2.1.1"
CVE-2021-37038,Medium,2021,10,"EMUI 10.1.0,  EMUI 10.0.0,  EMUI 9.1.1,  EMUI 9.1.0,  Magic UI 3.1.0,  Magic UI 3.0.0,  Magic UI 2.1.1"
CVE-2021-37021,Medium,2021,10,"EMUI 11.0.1,  EMUI 11.0.0,  EMUI 10.1.1,  EMUI 10.1.0,  Magic UI 4.0.0,  Magic UI 3.1.1,  Magic UI 3.1.0"
CVE-2021-37119,Medium,2021,10,"EMUI 11.0.1,  EMUI 11.0.0,  EMUI 10.1.1,  EMUI 10.1.0,  EMUI 10.0.0,  EMUI 9.1.0,  Magic UI 4.0.0,  Magic UI 3.1.1,  Magic UI 3.1.0,  Magic UI 3.0.0"
CVE-2021-37014,Medium,2021,10,"EMUI 11.0.1,  EMUI 11.0.0,  EMUI 10.1.1,  EMUI 10.1.0,  Magic UI 4.0.0,  Magic UI 3.1.1,  Magic UI 3.1.0"
CVE-2021-37013,Low,2021,10,"EMUI 10.1.0,  EMUI 10.0.0,  EMUI 9.1.1,  EMUI 9.1.0,  Magic UI 3.1.0,  Magic UI 3.0.0,  Magic UI 2.1.1"
CVE-2021-37011,High,2021,10,"EMUI 11.0.1,  EMUI 11.0.0,  EMUI 10.1.1,  EMUI 10.1.0,  Magic UI 4.0.0,  Magic UI 3.1.1,  Magic UI 3.1.0"
CVE-2021-36999,Medium,2021,10,"EMUI 10.1.0,  EMUI 10.0.0,  Magic UI 3.1.0,  Magic UI 3.0.0"
CVE-2021-36997,Medium,2021,10,"EMUI 10.1.0,  EMUI 10.0.0,  Magic UI 3.1.0,  Magic UI 3.0.0"
CVE-2021-36995,Medium,2021,10,"EMUI 10.1.0,  EMUI 10.0.0,  EMUI 9.1.1,  EMUI 9.1.0,  Magic UI 3.1.0,  Magic UI 3.0.0,  Magic UI 2.1.1"
CVE-2021-36994,Low,2021,10,"EMUI 11.0.0,  EMUI 10.1.1,  EMUI 10.1.0,  EMUI 10.0.0,  EMUI 9.1.1,  EMUI 9.1.0
Magic UI 4.0.0,  Magic UI 3.1.1,  Magic UI 3.1.0,  Magic UI 3.0.0,  Magic UI 2.1.1"
CVE-2021-36991,Medium,2021,10,"EMUI 10.1.0,  EMUI 10.0.0,  EMUI 9.1.1,  EMUI 9.1.0,  Magic UI 3.1.0,  Magic UI 3.0.0,  Magic UI 2.1.1"
CVE-2021-36990,Medium,2021,10,"EMUI 10.1.0,  EMUI 10.0.0,   Magic UI 3.1.0,  Magic UI 3.0.0"
CVE-2021-36989,Medium,2021,10,"EMUI 10.1.0,  EMUI 10.0.0,   Magic UI 3.1.0,  Magic UI 3.0.0"
CVE-2021-36986,Medium,2021,10,"EMUI 10.1.0,  EMUI 10.0.0,   Magic UI 3.1.0,  Magic UI 3.0.0"
CVE-2021-36985,Medium,2021,10,"EMUI 10.1.0,  EMUI 10.0.0,   Magic UI 3.1.0,  Magic UI 3.0.0"
CVE-2021-3506,High,2021,10,"EMUI 10.1.0,  EMUI 10.0.0,   Magic UI 3.1.0,  Magic UI 3.0.0"
CVE-2021-22491,Medium,2021,10,"EMUI 10.1.0,  EMUI 10.0.0,  EMUI 9.1.1,  EMUI 9.1.0,  Magic UI 3.1.0,  Magic UI 3.0.0,  Magic UI 2.1.1"
CVE-2021-22489,Medium,2021,10,"EMUI 10.1.0,  EMUI 10.0.0,  EMUI 9.1.1,  EMUI 9.1.0,  Magic UI 3.1.0,  Magic UI 3.0.0,  Magic UI 2.1.1"
CVE-2021-22488,Medium,2021,10,"EMUI 11.0.1,  EMUI 10.1.0,  EMUI 10.0.0,  EMUI 9.1.1,  EMUI 9.1.0,  Magic UI 3.1.0,  Magic UI 3.0.0,  Magic UI 2.1.1"
CVE-2021-22485,Medium,2021,10,"EMUI 10.1.0,  EMUI 10.0.0,  EMUI 9.1.1,  EMUI 9.1.0,  Magic UI 3.1.0,  Magic UI 3.0.0,  Magic UI 2.1.1"
CVE-2021-22481,Medium,2021,10,"EMUI 10.1.0,  EMUI 10.0.0,  EMUI 9.1.1,  EMUI 9.1.0,  Magic UI 3.1.0,  Magic UI 3.0.0,  Magic UI 2.1.1"
CVE-2021-22475,Medium,2021,10,"EMUI 10.1.0,  EMUI 10.0.0,  EMUI 9.1.1,  EMUI 9.1.0,  Magic UI 3.1.0,  Magic UI 3.0.0,  Magic UI 2.1.1"
CVE-2021-22469,Medium,2021,10,"EMUI 10.1.0,  Magic UI 3.1.0"
CVE-2021-22460,Medium,2021,10,"EMUI 10.1.0,  Magic UI 3.1.0"
CVE-2021-22455,Medium,2021,10,"EMUI 10.1.0,  EMUI 10.0.0,  Magic UI 3.1.0,  Magic UI 3.0.0"
CVE-2021-22420,High,2021,10,"EMUI 9.1.1,  EMUI 9.1.0,  Magic UI 2.1.1"
CVE-2021-22374,Medium,2021,10,"EMUI 10.1.0,  EMUI 10.0.0,  EMUI 9.1.1,  EMUI 9.1.0,  Magic UI 3.1.0,  Magic UI 3.0.0,  Magic UI 2.1.1"
CVE-2021-22370,High,2021,10,"EMUI 10.1.0,  EMUI 10.0.0,  EMUI 9.1.1,  EMUI 9.1.0,  Magic UI 3.1.0,  Magic UI 3.0.0,  Magic UI 2.1.1"
CVE-2021-22345,Medium,2021,10,"EMUI 11.0.0,  EMUI 10.1.1,  EMUI 10.1.0,  EMUI 10.0.0,  Magic UI 4.0.0,  Magic UI 3.1.1,  Magic UI 3.1.0,  Magic UI 3.0.0"
CVE-2021-37120,High,2021,10,"EMUI 10.1.1,  EMUI 10.1.0,  Magic UI 3.1.1,  Magic UI 3.1.0"
CVE-2021-37121,Medium,2021,10,"EMUI 10.1.0,  EMUI 10.0.0,  Magic UI 3.1.0,  Magic UI 3.0.0"
CVE-2021-22319,Medium,2021,10,"EMUI 11.0.1,  EMUI 11.0.0,  EMUI 10.1.1,  EMUI 10.1.0,  Magic UI 4.0.0,  Magic UI 3.1.1,  Magic UI 3.1.0"
CVE-2021-37118,Medium,2021,11,"EMUI 10.0.0, EMUI 10.1.0, EMUI 10.1.1, EMUI 11.0.0, EMUI 9.1.0, EMUI 9.1.1, Magic UI 2.1.1, Magic UI 3.0.0, Magic UI 3.1.0, Magic UI 3.1.1, Magic UI 4.0.0"
CVE-2021-36988,Medium,2021,11,"EMUI 10.0.0, EMUI 10.1.0, EMUI 9.1.0, Magic UI 3.0.0, Magic UI 3.1.0"
CVE-2021-39969,Medium,2021,11,"EMUI 11.0.0,  EMUI 10.1.1,  EMUI 10.1.0,  EMUI 10.0.0,  EMUI 9.1.1,  EMUI 9.1.0,  Magic UI 4.0.0,  Magic UI 3.1.1,  Magic UI 3.1.0,  Magic UI 3.0.0,  Magic UI 2.1.1"
CVE-2021-39967,Medium,2021,11,"EMUI 10.1.1,  EMUI 10.1.0,  EMUI 10.0.0,  EMUI 9.1.1,  EMUI 9.1.0,  Magic UI 3.1.1,  Magic UI 3.1.0,  Magic UI 3.0.0,  Magic UI 2.1.1"
CVE-2021-39966,Medium,2021,11,"EMUI 10.0.0, EMUI 10.1.0, EMUI 11.0.0, Magic UI 3.0.0, Magic UI 3.1.0, Magic UI 4.0.0"
CVE-2021-37133,Medium,2021,11,"EMUI 10.0.0, EMUI 10.1.0, EMUI 10.1.1, EMUI 9.1.0, EMUI 9.1.1, Magic UI 2.1.1, Magic UI 3.0.0, Magic UI 3.1.0, Magic UI 3.1.1"
CVE-2021-37126,High,2021,11,"EMUI 10.0.0, EMUI 10.1.0, EMUI 10.1.1, EMUI 11.0.1, EMUI 9.1.1, Magic UI 2.1.1, Magic UI 3.0.0, Magic UI 3.1.0, Magic UI 3.1.1"
CVE-2021-37125,Medium,2021,11,"EMUI 10.1.1,  EMUI 10.1.0,  EMUI 10.0.0,  EMUI 9.1.1,  Magic UI 3.1.1,  Magic UI 3.1.0,  Magic UI 3.0.0,  Magic UI 2.1.1"
CVE-2021-39973,Medium,2021,11,"EMUI 11.0.0, Magic UI 4.0.0"
CVE-2021-37112,Medium,2021,11,"EMUI 10.1.0, EMUI 10.1.1, EMUI 11.0.0, Magic UI 3.1.0, Magic UI 3.1.1, Magic UI 4.0.0"
CVE-2021-37110,High,2021,11,"EMUI 11.0.1,  EMUI 11.0.0,  EMUI 10.1.1,  EMUI 10.1.0,  EMUI 10.0.0,  EMUI 9.1.1,  EMUI 9.1.0,  Magic UI 4.0.0,  Magic UI 3.1.1,  Magic UI 3.1.0,  Magic UI 3.0.0,  Magic UI 2.1.1"
CVE-2021-37096,High,2021,11,EMUI 11.0.1
CVE-2021-37074,High,2021,11,"EMUI 10.1.1, EMUI 11.0.0, Magic UI 3.1.1, Magic UI 4.0.0"
CVE-2021-37069,Medium,2021,11,"EMUI 10.1.1, EMUI 11.0.0, Magic UI 3.1.1, Magic UI 4.0.0"
CVE-2021-37039,Medium,2021,11,"EMUI 10.1.0, EMUI 11.0.0, Magic UI 3.1.0, Magic UI 4.0.0"
CVE-2021-39974,Medium,2021,11,"EMUI 10.1.0, Magic UI 3.1.0"
CVE-2021-39978,High,2021,11,"EMUI 11.0.1,  EMUI 11.0.0,  EMUI 10.1.1,  EMUI 10.1.0,  EMUI 10.0.0,  EMUI 9.1.1,  EMUI 9.1.0,  Magic UI 4.0.0,  Magic UI 3.1.1,  Magic UI 3.1.0,  Magic UI 3.0.0,  Magic UI 2.1.1"
CVE-2021-22481,Medium,2021,11,"EMUI 10.0.0, EMUI 11.0.1, Magic UI 3.0.0"
CVE-2021-37118,Medium,2021,12,"EMUI 9.1.0, EMUI 9.1.1, EMUI 10.0.0, EMUI 10.1.0, EMUI 10.1.1, EMUI 11.0.0, EMUI 11.0.1, Magic UI 2.1.0, Magic UI 3.0.0, Magic UI 3.1.0, Magic UI 3.1.1, Magic UI 4.0.0"
CVE-2021-39993,Medium,2021,12,"EMUI 11.0.0, Magic UI 4.0.0"
CVE-2021-39974,Medium,2021,12,"EMUI 11.0.0, Magic UI 4.0.0"
CVE-2021-37133,Medium,2021,12,EMUI 11.0.1
CVE-2021-37125,Medium,2021,12,"EMUI 11.0.0, Magic UI 4.0.0"
CVE-2021-39996,High,2021,12,"EMUI 10.0.0, EMUI 10.1.0, EMUI 10.1.1, EMUI 11.0.0, EMUI 11.0.1, Magic UI 3.0.0, Magic UI 3.1.0, Magic UI 3.1.1, Magic UI 4.0.0"
CVE-2021-37112,Medium,2021,12,"EMUI 11.0.1, EMUI 10.0.0, EMUI 9.1.1, EMUI 9.1.0, Magic UI 3.0.0, Magic UI 9.1.1"
CVE-2021-37096,High,2021,12,"EMUI 10.1.1, EMUI 11.0.0, Magic UI 3.1.1, Magic UI 4.0.0"
CVE-2021-37074,High,2021,12,"EMUI 10.1.1, Magic UI 3.1.1"
CVE-2021-37069,Medium,2021,12,"EMUI 10.1.1, Magic UI 3.1.1"
CVE-2021-39998,Medium,2021,12,"EMUI 11.0.0, EMUI 11.0.1, Magic UI 4.0.0"
CVE-2021-37043,Medium,2021,12,"EMUI 9.1.0, EMUI 9.1.1, EMUI 10.0.0, EMUI 10.1.0, EMUI 10.1.1, EMUI 11.0.0, EMUI 11.0.1, Magic UI 2.1.0, Magic UI 3.0.0, Magic UI 3.1.0, Magic UI 3.1.1, Magic UI 4.0.0"
CVE-2021-40026,Medium,2022,1,"EMUI 12.0.0, EMUI 11.0.0, Magic UI 4.0.0"
CVE-2021-40020,High,2022,1,"EMUI 11.0.0, EMUI 10.1.1, EMUI 10.1.0, EMUI 10.0.0, Magic UI 4.0.0, Magic UI 3.1.1, Magic UI 3.1.0, Magic UI 3.0.0"
CVE-2021-40011,High,2022,1,"EMUI 11.0.0, EMUI 10.1.1, EMUI 10.1.0, EMUI 10.0.0, EMUI 9.1.1, EMUI 9.1.0, Magic UI 4.0.0, Magic UI 3.1.1, Magic UI 3.1.0, Magic UI 3.0.0, Magic UI 2.1.1"
CVE-2021-40009,Medium,2022,1,"EMUI 12.0.0, EMUI 11.0.0, Magic UI 4.0.0"
CVE-2021-40038,Medium,2022,1,"EMUI 12.0.0, EMUI 11.0.0, Magic UI 4.0.0"
CVE-2021-40037,Medium,2022,1,"EMUI 12.0.0, EMUI 11.0.1, EMUI 11.0.0, EMUI 10.1.1, EMUI 10.1.0, EMUI 10.0.0, Magic UI 4.0.0, Magic UI 3.1.1, Magic UI 3.1.0, Magic UI 3.0.0"
CVE-2021-40029,Medium,2022,1,"EMUI 12.0.0, EMUI 11.0.1, EMUI 11.0.0, EMUI 10.1.1, EMUI 10.1.0, EMUI 10.0.0, Magic UI 4.0.0, Magic UI 3.1.1, Magic UI 3.1.0, Magic UI 3.0.0"
CVE-2021-40035,Medium,2022,1,"EMUI 12.0.0, EMUI 11.0.1, EMUI 11.0.0, EMUI 10.1.1, EMUI 10.1.0, EMUI 10.0.0, Magic UI 4.0.0, Magic UI 3.1.1, Magic UI 3.1.0, Magic UI 3.0.0"
CVE-2021-40031,Medium,2022,1,"EMUI 12.0.0, EMUI 11.0.0, Magic UI 4.0.0"
CVE-2021-40039,Medium,2022,1,"EMUI 12.0.0, EMUI 11.0.0, Magic UI 4.0.0"
CVE-2021-40004,Medium,2022,1,"EMUI 12.0.0, EMUI 11.0.0, EMUI 10.1.1, EMUI 10.1.0, Magic UI 4.0.0, Magic UI 3.1.1, Magic UI 3.1.0"
CVE-2021-39992,High,2022,2,EMUI12.0.0
CVE-2021-40015,Medium,2022,2,"EMUI 12.0.0, EMUI 11.0.0, EMUI 10.1.1, EMUI 10.1.0, EMUI 10.0.0, Magic UI 4.0.0, Magic UI 3.1.1, Magic UI 3.1.0, Magic UI 3.0.0"
CVE-2021-39997,Critical,2022,2,EMUI12.0.0
CVE-2021-39994,Critical,2022,2,EMUI12.0.0
CVE-2021-40044,Medium,2022,2,"EMUI12.0.0,  EMUI 11.0.1,  EMUI 11.0.0,  EMUI 10.1.1,  EMUI 10.1.0,  Magic UI 4.0.0,  Magic UI 3.1.1,  Magic UI 3.1.0"
CVE-2021-39991,High,2022,2,EMUI12.0.0
CVE-2021-39986,High,2022,2,EMUI12.0.0
CVE-2021-37115,High,2022,2,EMUI12.0.0
CVE-2021-37109,High,2022,2,EMUI12.0.0
CVE-2021-40045,Critical,2022,2,"EMUI12.0.0,  EMUI 11.0.1,  EMUI 11.0.0,  Magic UI 4.0.0"
CVE-2021-37107,High,2022,2,EMUI12.0.0
CVE-2021-40054,High,2022,3,"EMUI 12.0.0, EMUI 11.0.1, EMUI 11.0.0, EMUI 10.1.1, EMUI 10.1.0, EMUI 10.0.0, Magic UI 4.0.0, Magic UI 3.1.1, Magic UI 3.1.0, Magic UI 3.0.0"
CVE-2021-40047,High,2022,3,"EMUI 12.0.0, EMUI 11.0.1, EMUI 11.0.0, EMUI 10.1.1, EMUI 10.1.0, EMUI 10.0.0, Magic UI 4.0.0, Magic UI 3.1.1, Magic UI 3.1.0, Magic UI 3.0.0"
CVE-2021-40053,Medium,2022,3,"EMUI 11.0.0, EMUI 10.1.1, EMUI 10.1.0, EMUI 10.0.0, Magic UI 4.0.0, Magic UI 3.1.1, Magic UI 3.1.0, Magic UI 3.0.0"
CVE-2021-40052,High,2022,3,"EMUI 11.0.1, EMUI 11.0.0, Magic UI 4.0.0"
CVE-2021-40051,Medium,2022,3,"EMUI 12.0.0, EMUI 11.0.1, EMUI 11.0.0, EMUI 10.1.1, EMUI 10.1.0, Magic UI 4.0.0, Magic UI 3.1.1, Magic UI 3.1.0"
CVE-2021-40050,High,2022,3,"EMUI 12.0.0, EMUI 11.0.1, EMUI 11.0.0, EMUI 10.1.1, EMUI 10.1.0, Magic UI 4.0.0, Magic UI 3.1.1, Magic UI 3.1.0"
CVE-2021-40049,Medium,2022,3,"EMUI 12.0.0, EMUI 11.0.0, EMUI 10.1.1, EMUI 10.1.0, Magic UI 4.0.0, Magic UI 3.1.1, Magic UI 3.1.0"
CVE-2021-40048,High,2022,3,"EMUI 12.0.0, EMUI 11.0.1, EMUI 11.0.0, EMUI 10.1.1, EMUI 10.1.0, EMUI 10.0.0, Magic UI 4.0.0, Magic UI 3.1.1, Magic UI 3.1.0, Magic UI 3.0.0"
CVE-2021-40062,High,2022,3,"EMUI 10.1.1, EMUI 10.1.0, Magic UI 3.1.1, Magic UI 3.1.0"
CVE-2021-40055,Critical,2022,3,"EMUI 12.0.0, EMUI 11.0.1, EMUI 11.0.0, EMUI 10.1.1, EMUI 10.1.0, EMUI 10.0.0, Magic UI 4.0.0, Magic UI 3.1.1, Magic UI 3.1.0, Magic UI 3.0.0"
CVE-2021-40061,Medium,2022,3,"EMUI 12.0.0, EMUI 11.0.1, EMUI 11.0.0, EMUI 10.1.1, EMUI 10.1.0, Magic UI 4.0.0, Magic UI 3.1.1, Magic UI 3.1.0"
CVE-2021-40060,High,2022,3,"EMUI 10.1.1, EMUI 10.1.0, Magic UI 3.1.1, Magic UI 3.1.0"
CVE-2021-40059,Medium,2022,3,"EMUI 12.0.0, EMUI 11.0.1, EMUI 11.0.0, EMUI 10.1.1, EMUI 10.1.0, Magic UI 4.0.0, Magic UI 3.1.1, Magic UI 3.1.0"
CVE-2021-40058,High,2022,3,"EMUI 10.1.1, EMUI 10.1.0, Magic UI 3.1.1, Magic UI 3.1.0"
CVE-2021-40057,High,2022,3,"EMUI 10.1.1, EMUI 10.1.0, Magic UI 3.1.1, Magic UI 3.1.0"
CVE-2021-40056,High,2022,3,"EMUI 10.1.1, EMUI 10.1.0, Magic UI 3.1.1, Magic UI 3.1.0"
CVE-2021-40063,High,2022,3,"EMUI 12.0.0, EMUI 11.0.1, EMUI 11.0.0, EMUI 10.1.1, EMUI 10.1.0, Magic UI 4.0.0, Magic UI 3.1.1, Magic UI 3.1.0"
CVE-2021-40064,High,2022,3,"EMUI 12.0.0, EMUI 11.0.1, EMUI 11.0.0, EMUI 10.1.1, EMUI 10.1.0, EMUI 10.0.0, Magic UI 4.0.0, Magic UI 3.1.1, Magic UI 3.1.0, Magic UI 3.0.0"
CVE-2021-40011,High,2022,3,EMUI 12.0.0
CVE-2022-22258,Medium,2022,4,"EMUI 12.0.0,  EMUI 11.0.0,  EMUI 10.1.1,  EMUI 10.1.0,  Magic UI 4.0.0,  Magic UI 3.1.1,  Magic UI 3.1.0"
CVE-2022-22257,High,2022,4,"EMUI 12.0.0,  EMUI 11.0.1,  EMUI 11.0.0,  EMUI 10.1.1,  EMUI 10.1.0,  EMUI 10.0.0,  Magic UI 4.0.0,  Magic UI 3.1.1,  Magic UI 3.1.0,  Magic UI 3.0.0"
CVE-2022-22256,Medium,2022,4,"EMUI 12.0.0,  EMUI 11.0.1,  EMUI 11.0.0,  EMUI 10.1.1,  EMUI 10.1.0,  EMUI 10.0.0,  Magic UI 4.0.0,  Magic UI 3.1.1,  Magic UI 3.1.0,  Magic UI 3.0.0"
CVE-2022-22255,Medium,2022,4,EMUI 12.0.0
CVE-2022-22254,High,2022,4,"EMUI 12.0.0,  EMUI 11.0.1,  EMUI 11.0.0,  EMUI 10.1.1,  EMUI 10.1.0,  EMUI 10.0.0,  Magic UI 4.0.0,  Magic UI 3.1.1,  Magic UI 3.1.0,  Magic UI 3.0.0"
CVE-2022-22253,Medium,2022,4,"EMUI 12.0.0,  EMUI 11.0.1,  EMUI 11.0.0,  EMUI 10.1.1,  EMUI 10.1.0,  EMUI 10.0.0,  Magic UI 4.0.0,  Magic UI 3.1.1,  Magic UI 3.1.0,  Magic UI 3.0.0"
CVE-2022-22252,Critical,2022,4,"EMUI 12.0.0,  EMUI 11.0.1,  EMUI 11.0.0,  EMUI 10.1.1,  EMUI 10.1.0,  EMUI 10.0.0,  Magic UI 4.0.0,  Magic UI 3.1.1,  Magic UI 3.1.0,  Magic UI 3.0.0"
CVE-2021-46742,Medium,2022,4,"EMUI 12.0.0,  EMUI 11.0.1,  EMUI 11.0.0,  EMUI 10.1.1,  EMUI 10.1.0,  Magic UI 4.0.0,  Magic UI 3.1.1,  Magic UI 3.1.0"
CVE-2021-46740,Medium,2022,4,EMUI 12.0.0
CVE-2021-40065,High,2022,4,"EMUI 12.0.0,  EMUI 11.0.1,  EMUI 11.0.0,  Magic UI 4.0.0"
CVE-2021-46785,Medium,2022,5,EMUI 12.0.0
CVE-2021-46789,Medium,2022,5,EMUI 11.0.1
CVE-2021-46788,Medium,2022,5,"EMUI 12.0.0, EMUI 11.0.0, EMUI 10.1.1, EMUI 10.1.0, EMUI 10.0.0, Magic UI 4.0.0, Magic UI 3.1.1, Magic UI 3.1.0, Magic UI 3.0.0"
CVE-2021-46787,High,2022,5,"EMUI 11.0.1, EMUI 12.0.0, EMUI 11.0.0, EMUI 10.1.1, EMUI 10.1.0, Magic UI 4.0.0, Magic UI 3.1.1, Magic UI 3.1.0"
CVE-2021-46786,Medium,2022,5,"EMUI 12.0.0, EMUI 11.0.1, EMUI 11.0.0, EMUI 10.1.1, EMUI 10.1.0, Magic UI 4.0.0, Magic UI 3.1.1, Magic UI 3.1.0"
CVE-2021-40010,Critical,2022,5,"EMUI 12.0.0, EMUI 11.0.1, EMUI 11.0.0, EMUI 10.1.1, EMUI 10.1.0, EMUI 10.0.0, Magic UI 4.0.0, Magic UI 3.1.1, Magic UI 3.1.0, Magic UI 3.0.0"
CVE-2022-22258,Medium,2022,5,"EMUI 10.1.0, EMUI 10.1.1, EMUI 11.0.0, HMOS 2.0.0, Magic UI 3.1.0, Magic UI 3.1.1, Magic UI 4.0.0"
CVE-2022-29794,Medium,2022,5,EMUI 12.0.0
CVE-2022-22261,Medium,2022,5,EMUI 12.0.0
CVE-2022-29793,Medium,2022,5,EMUI 12.0.0
CVE-2022-29792,Medium,2022,5,EMUI 12.0.0
CVE-2022-29791,Medium,2022,5,EMUI 12.0.0
CVE-2022-29790,Medium,2022,5,EMUI 12.0.0
CVE-2022-29789,Medium,2022,5,EMUI 12.0.0
CVE-2022-29795,High,2022,5,EMUI 12.0.0
CVE-2022-29796,Medium,2022,5,EMUI 12.0.0
CVE-2022-22260,Medium,2022,5,EMUI 12.0.0
CVE-2021-46812,Medium,2022,6,EMUI 12.0.0
CVE-2021-46811,High,2022,6,"EMUI 10.1.0, EMUI 10.1.1, EMUI 11.0.0, EMUI 12.0.0, EMUI 11.0.1, Magic UI 3.1.0, Magic UI 3.1.1, Magic UI 4.0.0"
CVE-2021-40021,Medium,2022,6,"EMUI 10.1.0, EMUI 10.1.1, EMUI 11.0.0, EMUI 12.0.0, EMUI 11.0.1, Magic UI 3.1.0, Magic UI 3.1.1, Magic UI 4.0.0"
CVE-2021-40022,Critical,2022,6,"EMUI 10.1.0, EMUI 10.1.1, EMUI 11.0.0, EMUI 12.0.0, EMUI 11.0.1, Magic UI 3.1.0, Magic UI 3.1.1, Magic UI 4.0.0"
CVE-2021-40014,High,2022,6,"EMUI 10.1.0, EMUI 10.1.1, EMUI 11.0.0, EMUI 12.0.0, EMUI 11.0.1, Magic UI 3.1.0, Magic UI 3.1.1, Magic UI 4.0.0"
CVE-2021-40006,High,2022,6,"EMUI 10.1.0, EMUI 10.1.1, EMUI 11.0.0, EMUI 12.0.0, EMUI 11.0.1, Magic UI 3.1.0, Magic UI 3.1.1, Magic UI 4.0.0"
CVE-2022-31751,Critical,2022,6,"EMUI 11.0.0, Magic UI 4.0.0"
CVE-2022-31757,Medium,2022,6,"EMUI 10.1.0, EMUI 10.1.1, EMUI 11.0.0, EMUI 12.0.0, EMUI 11.0.1, Magic UI 3.1.0, Magic UI 3.1.1, Magic UI 4.0.0"
CVE-2022-31763,High,2022,6,EMUI 12.0.0
CVE-2022-31760,Medium,2022,6,"EMUI 10.1.0, EMUI 10.1.1, EMUI 11.0.0, EMUI 12.0.0, Magic UI 3.1.0, Magic UI 3.1.1, Magic UI 4.0.0"
CVE-2022-31758,Medium,2022,6,"EMUI 10.1.0, EMUI 10.1.1, EMUI 11.0.0, EMUI 12.0.0, Magic UI 3.1.0, Magic UI 3.1.1, Magic UI 4.0.0"
CVE-2021-46814,High,2022,6,"EMUI 10.1.0, EMUI 10.1.1, EMUI 11.0.0, EMUI 12.0.0, Magic UI 3.1.0, Magic UI 3.1.1, Magic UI 4.0.0"
CVE-2022-31753,Medium,2022,6,"EMUI 10.1.0, EMUI 10.1.1, EMUI 11.0.0, EMUI 12.0.0, EMUI 11.0.1, Magic UI 3.1.0, Magic UI 3.1.1, Magic UI 4.0.0"
CVE-2022-31754,Medium,2022,6,"EMUI 12.0.0, EMUI 10.1.0, Magic UI 3.1.0"
CVE-2021-46813,Critical,2022,6,"EMUI 11.0.0, Magic UI 4.0.0"
CVE-2021-46789,Medium,2022,6,"EMUI 10.0.0, EMUI 10.1.0, EMUI 10.1.1, EMUI 12.0.0, Magic UI 3.0.0, Magic UI 3.1.0, Magic UI 3.1.1"
CVE-2022-31761,High,2022,6,"EMUI 10.1.1, EMUI 11.0.0, Magic UI 3.1.1, Magic UI 4.0.0"
CVE-2022-29793,Medium,2022,6,"EMUI 10.1.0, EMUI 10.1.1, Magic UI 3.1.0, Magic UI 3.1.1"
CVE-2022-31755,Medium,2022,6,"EMUI 10.1.0, EMUI 10.1.1, EMUI 11.0.0, EMUI 12.0.0, Magic UI 3.1.0, Magic UI 3.1.1, Magic UI 4.0.0"
CVE-2022-31759,Medium,2022,6,"EMUI 10.1.0, EMUI 10.1.1, EMUI 11.0.0, EMUI 12.0.0, EMUI 11.0.1, Magic UI 3.1.0, Magic UI 3.1.1, Magic UI 4.0.0"
CVE-2022-31762,Medium,2022,6,"EMUI 10.1.0, EMUI 10.1.1, EMUI 11.0.0, EMUI 12.0.0, Magic UI 3.1.0, Magic UI 3.1.1, Magic UI 4.0.0"
CVE-2022-31752,Medium,2022,6,"EMUI 10.1.0, EMUI 10.1.1, EMUI 11.0.0, EMUI 12.0.0, EMUI 11.0.1, Magic UI 3.1.0, Magic UI 3.1.1, Magic UI 4.0.0"
CVE-2022-31756,High,2022,6,"EMUI 10.0.0, EMUI 10.1.0, EMUI 10.1.1, EMUI 11.0.0, EMUI 12.0.0, Magic UI 3.0.0, Magic UI 3.1.0, Magic UI 3.1.1, Magic UI 4.0.0"
CVE-2021-40016,Medium,2022,7,"EMUI 10.1.0, EMUI 10.1.1, EMUI 11.0.0, EMUI 12.0.0, Magic UI 3.1.0, Magic UI 3.1.1, Magic UI 4.0.0"
CVE-2021-46741,Medium,2022,7,"EMUI 12.0.0, EMUI 11.0.1"
CVE-2021-40012,Medium,2022,7,EMUI 12.0.0
CVE-2022-31751,Critical,2022,7,"EMUI 10.0.0, EMUI 10.1.0, EMUI 10.1.1, EMUI 11.0.1, EMUI 12.0.0, Magic UI 3.0.0, Magic UI 3.1.0, Magic UI 3.1.1"
CVE-2021-40013,Medium,2022,7,"EMUI 10.1.0, EMUI 10.1.1, EMUI 11.0.0, EMUI 12.0.0, Magic UI 3.1.0, Magic UI 3.1.1, Magic UI 4.0.0"
CVE-2022-34737,Medium,2022,7,"EMUI 10.1.0, EMUI 10.1.1, EMUI 11.0.0, EMUI 11.0.1, EMUI 12.0.0, Magic UI 3.1.0, Magic UI 3.1.1, Magic UI 4.0.0"
CVE-2022-31755,Medium,2022,7,EMUI 11.0.1
CVE-2022-34736,Medium,2022,7,"EMUI 12.0.0, EMUI 11.0.1"
CVE-2022-34735,Medium,2022,7,"EMUI 12.0.0, EMUI 11.0.1"
CVE-2022-34739,High,2022,7,"EMUI 10.0.0, EMUI 10.1.0, EMUI 10.1.1, EMUI 11.0.0, EMUI 12.0.0, Magic UI 3.0.0, Magic UI 3.1.0, Magic UI 3.1.1, Magic UI 4.0.0"
CVE-2022-34742,High,2022,7,"EMUI 10.1.0, EMUI 10.1.1, EMUI 11.0.0, EMUI 12.0.0, Magic UI 3.1.0, Magic UI 3.1.1, Magic UI 4.0.0"
CVE-2022-34740,Medium,2022,7,"EMUI 12.0.0, EMUI 11.0.1, EMUI 11.0.0, Magic UI 4.0.0"
CVE-2022-34741,Medium,2022,7,"EMUI 12.0.0, EMUI 11.0.1, EMUI 11.0.0, Magic UI 4.0.0"
CVE-2022-31762,Medium,2022,7,EMUI 11.0.1
CVE-2022-34743,Medium,2022,7,"EMUI 10.1.0, EMUI 10.1.1, EMUI 11.0.0, EMUI 11.0.1, EMUI 12.0.0, Magic UI 3.1.0, Magic UI 3.1.1, Magic UI 4.0.0"
CVE-2022-34738,Medium,2022,7,"EMUI 10.0.0, EMUI 10.1.0, EMUI 10.1.1, EMUI 11.0.0, EMUI 11.0.1, EMUI 12.0.0, Magic UI 3.0.0, Magic UI 3.1.0, Magic UI 3.1.1, Magic UI 4.0.0"
CVE-2021-40040,Critical,2022,8,"EMUI 11.0.0, EMUI 10.1.1, EMUI 10.1.0, EMUI 10.0.0, Magic UI 4.0.0, Magic UI 3.1.1, Magic UI 3.1.0, Magic UI 3.0.0"
CVE-2021-40034,Critical,2022,8,"EMUI 12.0.0, EMUI 11.0.0, EMUI 10.1.1, EMUI 10.1.0, Magic UI 4.0.0, Magic UI 3.1.1, Magic UI 3.1.0"
CVE-2021-40030,Medium,2022,8,"EMUI 12.0.0, EMUI 11.0.0, EMUI 10.1.1, EMUI 10.1.0, Magic UI 4.0.0, Magic UI 3.1.1, Magic UI 3.1.0"
CVE-2021-40012,Medium,2022,8,"EMUI 11.0.0, Magic UI 4.0.0"
CVE-2022-37004,High,2022,8,"EMUI 12.0.0, EMUI 11.0.1, EMUI 11.0.0, EMUI 10.1.1, EMUI 10.1.0, EMUI 10.0.0, Magic UI 4.0.0, Magic UI 3.1.1, Magic UI 3.1.0, Magic UI 3.0.0"
CVE-2022-37005,Medium,2022,8,"EMUI 12.0.0, EMUI 11.0.1, EMUI 11.0.0, EMUI 10.1.1, Magic UI 4.0.0, Magic UI 3.1.1"
CVE-2021-46741,Medium,2022,8,"EMUI 11.0.0, EMUI 10.1.1, EMUI 10.1.0, EMUI 10.0.0, Magic UI 4.0.0, Magic UI 3.1.1, Magic UI 3.1.0, Magic UI 3.0.0"
CVE-2022-37007,Medium,2022,8,"EMUI 12.0.0, EMUI 11.0.0, Magic UI 4.0.0"
CVE-2022-37008,Medium,2022,8,"EMUI 12.0.0, EMUI 11.0.1, EMUI 11.0.0, Magic UI 4.0.0"
CVE-2022-37002,High,2022,8,"EMUI 12.0.0, EMUI 11.0.1, EMUI 11.0.0, EMUI 10.1.1, EMUI 10.1.0, EMUI 10.0.0, Magic UI 4.0.0, Magic UI 3.1.1, Magic UI 3.1.0, Magic UI 3.0.0"
CVE-2022-34742,High,2022,8,EMUI 11.0.1
CVE-2022-37003,Medium,2022,8,"EMUI 12.0.0, EMUI 11.0.0, Magic UI 4.0.0"
CVE-2022-37006,Medium,2022,8,EMUI 12.0.0
CVE-2021-40019,Medium,2022,9,EMUI 12.0.0
CVE-2021-40023,Medium,2022,9,EMUI 12.0.0
CVE-2021-40024,Medium,2022,9,EMUI 12.0.0
CVE-2021-46836,Medium,2022,9,EMUI 12.0.0
CVE-2022-38978,Medium,2022,9,"EMUI 12.0.0, EMUI 11.0.0, EMUI 10.1.1, EMUI 10.1.0, Magic UI 4.0.0, Magic UI 3.1.1, Magic UI 3.1.0"
CVE-2022-38979,Medium,2022,9,"EMUI 12.0.0, EMUI 11.0.0, EMUI 10.1.1, EMUI 10.1.0, Magic UI 4.0.0, Magic UI 3.1.1, Magic UI 3.1.0"
CVE-2022-38987,Critical,2022,9,EMUI 12.0.0
CVE-2022-38988,Medium,2022,9,EMUI 12.0.0
CVE-2022-38989,Medium,2022,9,EMUI 12.0.0
CVE-2022-38990,Critical,2022,9,EMUI 12.0.0
CVE-2022-38991,Medium,2022,9,EMUI 12.0.0
CVE-2022-38992,Medium,2022,9,EMUI 12.0.0
CVE-2022-38993,Critical,2022,9,EMUI 12.0.0
CVE-2022-38994,Medium,2022,9,EMUI 12.0.0
CVE-2022-38995,Medium,2022,9,EMUI 12.0.0
CVE-2022-38996,Medium,2022,9,EMUI 12.0.0
CVE-2022-38997,Medium,2022,9,"EMUI 12.0.0, EMUI 11.0.0, EMUI 10.1.1, EMUI 10.1.0, Magic UI 4.0.0, Magic UI 3.1.1, Magic UI 3.1.0"
CVE-2022-38999,Medium,2022,9,EMUI 12.0.0
CVE-2022-39000,High,2022,9,"EMUI 12.0.0, EMUI 11.0.1, EMUI 11.0.0, Magic UI 4.0.0"
CVE-2022-39001,High,2022,9,"EMUI 12.0.0, EMUI 11.0.1, EMUI 11.0.0, Magic UI 4.0.0"
CVE-2022-39002,High,2022,9,"EMUI 11.0.0, Magic UI 4.0.0"
CVE-2022-39003,Medium,2022,9,"EMUI 11.0.0, Magic UI 4.0.0"
CVE-2022-39004,High,2022,9,"EMUI 12.0.0, EMUI 11.0.1, EMUI 11.0.0, Magic UI 4.0.0"
CVE-2022-39005,Medium,2022,9,"EMUI 12.0.0, EMUI 11.0.1, EMUI 11.0.0, Magic UI 4.0.0"
CVE-2022-39006,Critical,2022,9,"EMUI 12.0.0, EMUI 11.0.1, EMUI 11.0.0, Magic UI 4.0.0"
CVE-2022-39007,High,2022,9,EMUI 12.0.0
CVE-2022-39008,High,2022,9,EMUI 12.0.0
CVE-2022-39009,Medium,2022,9,EMUI 12.0.0
CVE-2022-39010,Medium,2022,9,EMUI 12.0.0
CVE-2020-36600,High,2022,9,"EMUI 10.0.0, EMUI 10.1.0, EMUI 10.1.1, EMUI 11.0.0, Magic UI 3.0.0, Magic UI 3.1.0, Magic UI 3.1.1, Magic UI 4.0.0"
CVE-2020-36601,Medium,2022,9,"EMUI 10.1.0, Magic UI 3.1.0"
CVE-2021-40017,Critical,2022,10,"EMUI 12.0.0, EMUI 11.0.1"
CVE-2021-46839,Medium,2022,10,"EMUI 12.0.0, EMUI 11.0.1"
CVE-2021-46840,Medium,2022,10,"EMUI 12.0.0, EMUI 11.0.1"
CVE-2022-38983,High,2022,10,"EMUI 12.0.0, EMUI 11.0.1"
CVE-2022-38984,Medium,2022,10,EMUI 12.0.0
CVE-2022-38985,Medium,2022,10,EMUI 12.0.0
CVE-2022-38986,Critical,2022,10,EMUI 12.0.0
CVE-2022-38998,Medium,2022,10,EMUI 12.0.0
CVE-2022-39011,Medium,2022,10,EMUI 12.0.0
CVE-2022-41576,Medium,2022,10,"EMUI 12.0.0, EMUI 11.0.1"
CVE-2022-41577,Medium,2022,10,EMUI 12.0.0
CVE-2022-41578,High,2022,10,"EMUI 12.0.0, EMUI 11.0.1"
CVE-2022-41580,Medium,2022,10,"EMUI 12.0.0, EMUI 11.0.1"
CVE-2022-41581,Medium,2022,10,"EMUI 12.0.0, EMUI 11.0.1"
CVE-2022-41582,High,2022,10,"EMUI 12.0.0, EMUI 11.0.1"
CVE-2022-41583,Medium,2022,10,EMUI 12.0.0
CVE-2022-41584,Medium,2022,10,"EMUI 12.0.0, EMUI 11.0.1"
CVE-2022-41585,Medium,2022,10,"EMUI 12.0.0, EMUI 11.0.1"
CVE-2022-41586,Medium,2022,10,"EMUI 12.0.0, EMUI 11.0.1"
CVE-2022-41587,Medium,2022,10,EMUI 11.0.1
CVE-2022-41588,Medium,2022,10,"EMUI 12.0.0, EMUI 11.0.1"
CVE-2022-41589,High,2022,10,EMUI 12.0.0
CVE-2022-41592,Medium,2022,10,"EMUI 12.0.0, EMUI 11.0.1"
CVE-2022-41593,Medium,2022,10,"EMUI 12.0.0, EMUI 11.0.1"
CVE-2022-41594,Medium,2022,10,"EMUI 12.0.0, EMUI 11.0.1"
CVE-2022-41595,Medium,2022,10,"EMUI 12.0.0, EMUI 11.0.1"
CVE-2022-41597,Medium,2022,10,"EMUI 12.0.0, EMUI 11.0.1"
CVE-2022-41598,Medium,2022,10,"EMUI 12.0.0, EMUI 11.0.1"
CVE-2022-41600,Medium,2022,10,"EMUI 12.0.0, EMUI 11.0.1"
CVE-2022-41601,Medium,2022,10,"EMUI 12.0.0, EMUI 11.0.1"
CVE-2022-41602,Medium,2022,10,"EMUI 12.0.0, EMUI 11.0.1"
CVE-2022-41603,Medium,2022,10,"EMUI 12.0.0, EMUI 11.0.1"
CVE-2021-46851,High,2022,11,EMUI12.0.0
CVE-2021-46852,Medium,2022,11,EMUI12.0.0
CVE-2022-44546,High,2022,11,EMUI12.0.0
CVE-2022-44547,High,2022,11,EMUI12.0.0
CVE-2022-44548,Medium,2022,11,"EMUI12.0.1, EMUI12.0.0, EMUI11.0.1"
CVE-2022-44549,Medium,2022,11,"EMUI12.0.1, EMUI12.0.0, EMUI11.0.1"
CVE-2022-44550,High,2022,11,"EMUI12.0.1, EMUI12.0.0, EMUI11.0.1"
CVE-2022-44551,Medium,2022,11,"EMUI12.0.1, EMUI12.0.0, EMUI11.0.1"
CVE-2022-44552,Medium,2022,11,EMUI11.0.1
CVE-2022-44553,Medium,2022,11,"EMUI12.0.1, EMUI12.0.0, EMUI11.0.1"
CVE-2022-44554,Medium,2022,11,EMUI12.0.0
CVE-2022-44555,Medium,2022,11,"EMUI12.0.1, EMUI12.0.0, EMUI11.0.1"
CVE-2022-44556,High,2022,11,EMUI12.0.0
CVE-2022-44557,High,2022,11,"EMUI12.0.1, EMUI12.0.0, EMUI11.0.1"
CVE-2022-44558,Medium,2022,11,"EMUI12.0.1, EMUI12.0.0, EMUI11.0.1"
CVE-2022-44559,Medium,2022,11,"EMUI12.0.1, EMUI12.0.0, EMUI11.0.1"
CVE-2022-44560,Medium,2022,11,"EMUI12.0.1, EMUI12.0.0, EMUI11.0.1"
CVE-2022-44561,Medium,2022,11,"EMUI12.0.1, EMUI12.0.0, EMUI11.0.1"
CVE-2022-44562,Medium,2022,11,"EMUI12.0.1, EMUI12.0.0, EMUI11.0.1"
CVE-2022-44563,High,2022,11,"EMUI12.0.1, EMUI12.0.0, EMUI11.0.1"
CVE-2022-41591,High,2022,12,"EMUI 12.0.1, EMUI 12.0.0, EMUI 11.0.1"
CVE-2022-41596,High,2022,12,"EMUI 12.0.1, EMUI 12.0.0, EMUI 11.0.1"
CVE-2022-41599,Medium,2022,12,"EMUI 12.0.1, EMUI 12.0.0, EMUI 11.0.1"
CVE-2022-46312,Medium,2022,12,"EMUI 12.0.1, EMUI 12.0.0, EMUI 11.0.1"
CVE-2022-46317,Medium,2022,12,"EMUI 12.0.1, EMUI 12.0.0, EMUI 11.0.1"
CVE-2022-46318,Medium,2022,12,"EMUI 12.0.1, EMUI 12.0.0, EMUI 11.0.1"
CVE-2022-46319,Medium,2022,12,"EMUI 12.0.0, EMUI 11.0.1"
CVE-2022-46320,Medium,2022,12,"EMUI 12.0.1, EMUI 12.0.0, EMUI 11.0.1"
CVE-2022-46321,Medium,2022,12,"EMUI 12.0.1, EMUI 12.0.0, EMUI 11.0.1"
CVE-2022-46322,Critical,2022,12,EMUI 12.0.0
CVE-2022-46323,Critical,2022,12,EMUI 12.0.0
CVE-2022-46324,Critical,2022,12,EMUI 12.0.0
CVE-2022-46325,Critical,2022,12,EMUI 12.0.0
CVE-2022-46326,Critical,2022,12,EMUI 12.0.0
CVE-2022-46327,High,2022,12,EMUI 12.0.0
CVE-2022-46328,High,2022,12,EMUI 12.0.0
CVE-2021-46856,Medium,2023,1,"EMUI 12.0.1, EMUI 12.0.0"
CVE-2021-46867,Medium,2023,1,EMUI 12.0.0
CVE-2021-46868,Medium,2023,1,EMUI 12.0.0
CVE-2022-46761,Medium,2023,1,"EMUI 12.0.1, EMUI 12.0.0, EMUI 11.0.1"
CVE-2022-46762,High,2023,1,EMUI 12.0.0
CVE-2022-47974,Medium,2023,1,"EMUI 12.0.1, EMUI 12.0.0, EMUI 11.0.1"
CVE-2022-47975,Medium,2023,1,EMUI 12.0.0
CVE-2022-47976,High,2023,1,EMUI 12.0.0
CVE-2022-48286,Medium,2023,2,"EMUI 12.0.1, EMUI 12.0.0, EMUI 11.0.1"
CVE-2022-48287,Medium,2023,2,"EMUI 12.0.1, EMUI 12.0.0, EMUI 11.0.1"
CVE-2022-48288,Medium,2023,2,EMUI 12.0.1
CVE-2022-48289,Medium,2023,2,EMUI 12.0.1
CVE-2022-48292,Medium,2023,2,"EMUI 12.0.1, EMUI 12.0.0, EMUI 11.0.1"
CVE-2022-48293,Medium,2023,2,"EMUI 12.0.1, EMUI 12.0.0, EMUI 11.0.1"
CVE-2022-48294,Medium,2023,2,"EMUI 12.0.1, EMUI 12.0.0, EMUI 11.0.1"
CVE-2022-48295,Medium,2023,2,"EMUI 12.0.1, EMUI 12.0.0, EMUI 11.0.1"
CVE-2022-48296,Medium,2023,2,"EMUI 12.0.1, EMUI 12.0.0, EMUI 11.0.1"
CVE-2022-48297,Medium,2023,2,EMUI 12.0.1
CVE-2022-48298,Medium,2023,2,EMUI 12.0.1
CVE-2022-48299,Medium,2023,2,EMUI 12.0.1
CVE-2022-48300,Medium,2023,2,"EMUI 12.0.1, EMUI 12.0.0, EMUI 11.0.1"
CVE-2022-48301,High,2023,2,"EMUI 12.0.1, EMUI 12.0.0, EMUI 11.0.1"
CVE-2022-48302,Medium,2023,2,"EMUI 12.0.1, EMUI 12.0.0, EMUI 11.0.1"
CVE-2022-46315,Medium,2023,3,"EMUI 12.0.1, EMUI 12.0.0"
CVE-2022-48291,High,2023,3,"EMUI 13.0.0, EMUI 12.0.1, EMUI 12.0.0, EMUI 11.0.1"
CVE-2022-48346,High,2023,3,"EMUI 13.0.0, EMUI 12.0.1, EMUI 12.0.0, EMUI 11.0.1"
CVE-2022-48347,High,2023,3,EMUI 13.0.0
CVE-2022-48348,Medium,2023,3,EMUI 13.0.0
CVE-2022-48349,Medium,2023,3,"EMUI 13.0.0, EMUI 12.0.1, EMUI 12.0.0, EMUI 11.0.1"
CVE-2022-48350,High,2023,3,EMUI 13.0.0
CVE-2022-48351,Medium,2023,3,"EMUI 13.0.0, EMUI 12.0.1, EMUI 12.0.0"
CVE-2022-48352,Medium,2023,3,"EMUI 13.0.0, EMUI 12.0.0"
CVE-2022-48353,Critical,2023,3,EMUI 12.0.0
CVE-2022-48354,High,2023,3,"EMUI 13.0.0, EMUI 12.0.0"
CVE-2022-48355,Medium,2023,3,"EMUI 13.0.0, EMUI 12.0.0"
CVE-2022-48356,Medium,2023,3,EMUI 12.0.0
CVE-2022-48357,High,2023,3,"EMUI 13.0.0, EMUI 12.0.1, EMUI 12.0.0, EMUI 11.0.1"
CVE-2022-48358,Medium,2023,3,EMUI 13.0.0
CVE-2022-48359,Medium,2023,3,"EMUI 13.0.0, EMUI 12.0.1, EMUI 12.0.0, EMUI 11.0.1"
CVE-2022-48360,High,2023,3,"EMUI 13.0.0, EMUI 12.0.0"
CVE-2022-48361,High,2023,3,EMUI 13.0.0
CVE-2023-26547,High,2023,3,"EMUI 13.0.0, EMUI 12.0.1, EMUI 12.0.0, EMUI 11.0.1"
CVE-2023-26548,High,2023,3,"EMUI 13.0.0, EMUI 12.0.1, EMUI 12.0.0, EMUI 11.0.1"
CVE-2023-26549,Medium,2023,3,"EMUI 13.0.0, EMUI 12.0.1, EMUI 12.0.0, EMUI 11.0.1"
CVE-2022-48312,High,2023,4,EMUI 12.0.0
CVE-2022-48313,High,2023,4,"EMUI 13.0.0, EMUI 12.0.1, EMUI 12.0.0"
CVE-2022-48314,High,2023,4,"EMUI 13.0.0, EMUI 12.0.1, EMUI 12.0.0, EMUI 11.0.1"
CVE-2023-1692,High,2023,4,"EMUI 13.0.0, EMUI 12.0.1, EMUI 12.0.0, EMUI 11.0.1"
CVE-2023-1693,High,2023,4,"EMUI 13.0.0, EMUI 11.0.1"
CVE-2023-1694,High,2023,4,"EMUI 13.0.0, EMUI 11.0.1"
CVE-2023-1696,High,2023,4,"EMUI 13.0.0, EMUI 12.0.1, EMUI 12.0.0, EMUI 11.0.1"
CVE-2021-46881,Critical,2023,5,"EMUI 12.0.1, EMUI 12.0.0, EMUI 11.0.0, EMUI 10.1.1, EMUI 10.1.0"
CVE-2021-46882,Critical,2023,5,"EMUI 12.0.1, EMUI 12.0.0, EMUI 11.0.0, EMUI 10.1.1, EMUI 10.1.0"
CVE-2021-46883,Critical,2023,5,"EMUI 12.0.1, EMUI 12.0.0, EMUI 11.0.0, EMUI 10.1.1, EMUI 10.1.0"
CVE-2021-46884,Critical,2023,5,"EMUI 12.0.1, EMUI 12.0.0, EMUI 11.0.0, EMUI 10.1.1, EMUI 10.1.0"
CVE-2021-46885,High,2023,5,"EMUI 12.0.1, EMUI 12.0.0, EMUI 11.0.0, EMUI 10.1.1, EMUI 10.1.0"
CVE-2021-46886,High,2023,5,"EMUI 12.0.1, EMUI 12.0.0, EMUI 11.0.0, EMUI 10.1.1, EMUI 10.1.0"
CVE-2021-46887,High,2023,5,"EMUI 11.0.0, EMUI 10.1.1, EMUI 10.1.0"
CVE-2022-48480,High,2023,5,"EMUI 11.0.0, EMUI 10.1.1, EMUI 10.1.0"
CVE-2023-0116,Medium,2023,5,"EMUI 13.0.0, EMUI 12.0.1, EMUI 12.0.0"
CVE-2023-0117,Medium,2023,5,EMUI 13.0.0
CVE-2023-31225,Medium,2023,5,"EMUI 13.0.0, EMUI 12.0.1, EMUI 12.0.0, EMUI 11.0.1"
CVE-2023-31226,Medium,2023,5,EMUI 13.0.0
CVE-2023-31227,Medium,2023,5,EMUI 13.0.0
CVE-2022-48486,Medium,2023,6,EMUI 12.0.0
CVE-2022-48487,Medium,2023,6,EMUI 12.0.0
CVE-2022-48488,Medium,2023,6,"EMUI 13.0.0, EMUI 12.0.1, EMUI 12.0.0, EMUI 11.0.1"
CVE-2022-48489,High,2023,6,EMUI 12.0.0
CVE-2022-48490,Critical,2023,6,EMUI 12.0.0
CVE-2022-48491,Medium,2023,6,"EMUI 13.0.0, EMUI 12.0.1, EMUI 12.0.0, EMUI 11.0.1"
CVE-2022-48492,Medium,2023,6,EMUI 12.0.0
CVE-2022-48493,High,2023,6,EMUI 12.0.0
CVE-2022-48494,Medium,2023,6,"EMUI 13.0.0, EMUI 12.0.1, EMUI 12.0.0, EMUI 11.0.1"
CVE-2022-48495,Medium,2023,6,"EMUI 13.0.0, EMUI 12.0.1, EMUI 12.0.0"
CVE-2022-48496,Medium,2023,6,"EMUI 13.0.0, EMUI 12.0.1, EMUI 12.0.0, EMUI 11.0.1"
CVE-2022-48497,Critical,2023,6,EMUI 12.0.0
CVE-2022-48498,Medium,2023,6,EMUI 12.0.0
CVE-2022-48499,Medium,2023,6,EMUI 12.0.0
CVE-2022-48500,Medium,2023,6,EMUI 12.0.0
CVE-2022-48501,Critical,2023,6,EMUI 12.0.0
CVE-2023-31226,Medium,2023,6,"EMUI 13.0.0, EMUI 12.0.1"
CVE-2023-34155,Medium,2023,6,EMUI 13.0.0
CVE-2023-34156,Medium,2023,6,"EMUI 13.0.0, EMUI 12.0.1, EMUI 12.0.0, EMUI 11.0.1"
CVE-2023-34158,High,2023,6,"EMUI 13.0.0, EMUI 12.0.0"
CVE-2023-34159,Medium,2023,6,EMUI 13.0.0
CVE-2023-34160,High,2023,6,"EMUI 13.0.0, EMUI 12.0.0"
CVE-2023-34161,Medium,2023,6,"EMUI 13.0.0, EMUI 12.0.1, EMUI 12.0.0, EMUI 11.0.1"
CVE-2023-34162,Medium,2023,6,EMUI 13.0.0
CVE-2023-34163,Medium,2023,6,"EMUI 13.0.0, EMUI 12.0.1, EMUI 12.0.0, EMUI 11.0.1"
CVE-2023-34166,Medium,2023,6,"EMUI 13.0.0, EMUI 12.0.1, EMUI 12.0.0, EMUI 11.0.1"
CVE-2023-34167,Medium,2023,6,"EMUI 13.0.0, EMUI 12.0.1, EMUI 12.0.0, EMUI 11.0.1"
CVE-2021-40014,Medium,2023,7,"EMUI 13.0.0, EMUI 12.0.1, EMUI 12.0.0"
CVE-2021-40027,High,2023,7,"EMUI 13.0.0, EMUI 12.0.1, EMUI 12.0.0"
CVE-2021-40032,Medium,2023,7,"EMUI 13.0.0, EMUI 12.0.1, EMUI 12.0.0"
CVE-2021-46890,Critical,2023,7,EMUI 12.0.0
CVE-2021-46891,Critical,2023,7,EMUI 12.0.0
CVE-2021-46892,Medium,2023,7,"EMUI 12.0.1, EMUI 12.0.0"
CVE-2021-46893,Critical,2023,7,EMUI 12.0.0
CVE-2021-46894,High,2023,7,EMUI 12.0.0
CVE-2022-48507,Medium,2023,7,"EMUI 13.0.0, EMUI 12.0.1, EMUI 12.0.0, EMUI 11.0.1"
CVE-2022-48508,High,2023,7,"EMUI 13.0.0, EMUI 12.0.1, EMUI 12.0.0, EMUI 11.0.1"
CVE-2022-48509,Medium,2023,7,"EMUI 12.0.1, EMUI 12.0.0"
CVE-2022-48510,Medium,2023,7,EMUI 12.0.0
CVE-2022-48511,Medium,2023,7,EMUI 12.0.0
CVE-2022-48512,High,2023,7,EMUI 12.0.0
CVE-2022-48513,Medium,2023,7,"EMUI 13.0.0, EMUI 12.0.1, EMUI 12.0.0, EMUI 11.0.1"
CVE-2022-48515,Medium,2023,7,"EMUI 12.0.1, EMUI 12.0.0, EMUI 11.0.1"
CVE-2022-48516,Medium,2023,7,"EMUI 12.0.1, EMUI 12.0.0, EMUI 11.0.1"
CVE-2022-48517,Medium,2023,7,"EMUI 12.0.1, EMUI 12.0.0, EMUI 11.0.1"
CVE-2022-48518,Medium,2023,7,"EMUI 12.0.1, EMUI 12.0.0"
CVE-2022-48519,Medium,2023,7,"EMUI 12.0.1, EMUI 12.0.0"
CVE-2022-48520,Medium,2023,7,"EMUI 12.0.1, EMUI 12.0.0"
CVE-2023-1691,Medium,2023,7,"EMUI 13.0.0, EMUI 12.0.1, EMUI 12.0.0, EMUI 11.0.1"
CVE-2023-1695,Medium,2023,7,"EMUI 13.0.0, EMUI 12.0.1, EMUI 12.0.0, EMUI 11.0.1"
CVE-2023-34164,Medium,2023,7,EMUI 13.0.0
CVE-2023-3455,High,2023,7,EMUI 13.0.0
CVE-2023-3456,Medium,2023,7,"EMUI 13.0.0, EMUI 12.0.1, EMUI 12.0.0"
CVE-2023-37238,Medium,2023,7,EMUI 13.0.0
CVE-2023-37239,Medium,2023,7,"EMUI 13.0.0, EMUI 12.0.1"
CVE-2023-37240,Medium,2023,7,"EMUI 13.0.0, EMUI 12.0.1"
CVE-2023-37241,Medium,2023,7,EMUI 13.0.0
CVE-2023-37242,Medium,2023,7,"EMUI 13.0.0, EMUI 12.0.0"
CVE-2023-37245,Medium,2023,7,"EMUI 13.0.0, EMUI 12.0.0"
CVE-2021-40006,High,2023,8,"EMUI 12.0.1, EMUI 12.0.0, EMUI 11.0.1"
CVE-2021-46895,Medium,2023,8,EMUI 12.0.0
CVE-2023-39380,Medium,2023,8,EMUI 13.0.0
CVE-2023-39381,Medium,2023,8,"EMUI 13.0.0, EMUI 12.0.1, EMUI 12.0.0, EMUI 11.0.1"
CVE-2023-39382,Medium,2023,8,"EMUI 13.0.0, EMUI 12.0.1, EMUI 12.0.0, EMUI 11.0.1"
CVE-2023-39383,Medium,2023,8,"EMUI 13.0.0, EMUI 12.0.1, EMUI 12.0.0, EMUI 11.0.1"
CVE-2023-39384,Medium,2023,8,"EMUI 13.0.0, EMUI 12.0.1, EMUI 12.0.0, EMUI 11.0.1"
CVE-2023-39385,Medium,2023,8,"EMUI 13.0.0, EMUI 12.0.0"
CVE-2023-39386,Medium,2023,8,EMUI 13.0.0
CVE-2023-39387,Medium,2023,8,"EMUI 13.0.0, EMUI 12.0.1, EMUI 12.0.0, EMUI 11.0.1"
CVE-2023-39388,High,2023,8,"EMUI 13.0.0, EMUI 12.0.1, EMUI 12.0.0, EMUI 11.0.1"
CVE-2023-39389,High,2023,8,"EMUI 13.0.0, EMUI 12.0.1, EMUI 12.0.0, EMUI 11.0.1"
CVE-2023-39390,Medium,2023,8,EMUI 13.0.0
CVE-2023-39391,Medium,2023,8,"EMUI 13.0.0, EMUI 12.0.1, EMUI 12.0.0, EMUI 11.0.1"
CVE-2023-39392,High,2023,8,"EMUI 13.0.0, EMUI 12.0.1"
CVE-2023-39393,High,2023,8,"EMUI 13.0.0, EMUI 12.0.1"
CVE-2023-39394,Medium,2023,8,"EMUI 13.0.0, EMUI 12.0.1"
CVE-2023-39395,Medium,2023,8,"EMUI 13.0.0, EMUI 12.0.0, EMUI 11.0.1"
CVE-2023-39396,High,2023,8,EMUI 13.0.0
CVE-2023-39397,Medium,2023,8,"EMUI 13.0.0, EMUI 12.0.1"
CVE-2023-39398,Medium,2023,8,"EMUI 13.0.0, EMUI 12.0.1, EMUI 12.0.0, EMUI 11.0.1"
CVE-2023-39399,Medium,2023,8,"EMUI 13.0.0, EMUI 12.0.1, EMUI 12.0.0, EMUI 11.0.1"
CVE-2023-39400,Medium,2023,8,"EMUI 13.0.0, EMUI 12.0.1, EMUI 12.0.0, EMUI 11.0.1"
CVE-2023-39401,Medium,2023,8,"EMUI 13.0.0, EMUI 12.0.1, EMUI 12.0.0, EMUI 11.0.1"
CVE-2023-39402,Medium,2023,8,"EMUI 13.0.0, EMUI 12.0.1, EMUI 12.0.0, EMUI 11.0.1"
CVE-2023-39403,Medium,2023,8,"EMUI 13.0.0, EMUI 12.0.1, EMUI 12.0.0, EMUI 11.0.1"
CVE-2023-39404,Medium,2023,8,EMUI 13.0.0
CVE-2023-39405,High,2023,8,"EMUI 13.0.0, EMUI 12.0.1, EMUI 12.0.0, EMUI 11.0.1"
CVE-2023-39406,Medium,2023,8,EMUI 13.0.0
CVE-2022-46316,High,2023,9,"EMUI 13.0.0, EMUI 11.0.1"
CVE-2022-48606,Medium,2023,9,"EMUI 13.0.0, EMUI 12.0.1, EMUI 12.0.0, EMUI 11.0.1"
CVE-2023-39408,High,2023,9,"EMUI 13.0.0, EMUI 12.0.1, EMUI 12.0.0, EMUI 11.0.1"
CVE-2023-39409,High,2023,9,"EMUI 13.0.0, EMUI 12.0.1, EMUI 12.0.0, EMUI 11.0.1"
CVE-2023-41293,High,2023,9,EMUI 13.0.0
CVE-2023-41296,Medium,2023,9,"EMUI 13.0.0, EMUI 12.0.1, EMUI 12.0.0, EMUI 11.0.1"
CVE-2023-41297,Medium,2023,9,EMUI 12.0.0
CVE-2023-41298,Medium,2023,9,"EMUI 13.0.0, EMUI 12.0.1"
CVE-2023-41299,Medium,2023,9,EMUI 13.0.0
CVE-2023-41300,Medium,2023,9,"EMUI 13.0.0, EMUI 12.0.1, EMUI 12.0.0, EMUI 11.0.1"
CVE-2023-41301,Medium,2023,9,"EMUI 13.0.0, EMUI 12.0.1, EMUI 12.0.0"
CVE-2023-41302,Medium,2023,9,"EMUI 13.0.0, EMUI 12.0.1, EMUI 12.0.0"
CVE-2023-41303,Medium,2023,9,"EMUI 13.0.0, EMUI 12.0.1, EMUI 12.0.0"
CVE-2023-41305,Medium,2023,9,"EMUI 13.0.0, EMUI 12.0.1, EMUI 12.0.0, EMUI 11.0.1"
CVE-2023-41306,Medium,2023,9,"EMUI 12.0.1, EMUI 12.0.0"
CVE-2023-41307,Medium,2023,9,"EMUI 13.0.0, EMUI 12.0.0"
CVE-2023-41308,Medium,2023,9,"EMUI 13.0.0, EMUI 12.0.1, EMUI 12.0.0"
CVE-2023-41309,Medium,2023,9,"EMUI 13.0.0, EMUI 12.0.1, EMUI 12.0.0"
CVE-2023-41310,Medium,2023,9,"EMUI 13.0.0, EMUI 12.0.1, EMUI 12.0.0, EMUI 11.0.1"
CVE-2023-41311,Medium,2023,9,"EMUI 13.0.0, EMUI 12.0.1"
CVE-2023-41312,Medium,2023,9,"EMUI 13.0.0, EMUI 12.0.1"
CVE-2023-4565,Medium,2023,9,"EMUI 13.0.0, EMUI 12.0.1, EMUI 12.0.0, EMUI 11.0.1"
CVE-2023-41295,Medium,2023,10,EMUI 13.0.0
CVE-2023-41304,Medium,2023,10,EMUI 13.0.0
CVE-2023-44093,High,2023,10,"EMUI 13.0.0, EMUI 12.0.1, EMUI 12.0.0, EMUI 11.0.1"
CVE-2023-44094,High,2023,10,"EMUI 13.0.0, EMUI 12.0.1, EMUI 12.0.0"
CVE-2023-44095,High,2023,10,"EMUI 13.0.0, EMUI 12.0.1"
CVE-2023-44096,High,2023,10,"EMUI 13.0.0, EMUI 12.0.1, EMUI 12.0.0"
CVE-2023-44097,Medium,2023,10,"EMUI 13.0.0, EMUI 12.0.1"
CVE-2023-44100,Medium,2023,10,"EMUI 13.0.0, EMUI 12.0.1, EMUI 12.0.0, EMUI 11.0.1"
CVE-2023-44102,Medium,2023,10,"EMUI 13.0.0, EMUI 12.0.1"
CVE-2023-44103,Medium,2023,10,"EMUI 13.0.0, EMUI 12.0.1, EMUI 12.0.0, EMUI 11.0.1"
CVE-2023-44104,Medium,2023,10,"EMUI 13.0.0, EMUI 12.0.1, EMUI 12.0.0, EMUI 11.0.1"
CVE-2023-44105,Medium,2023,10,"EMUI 13.0.0, EMUI 12.0.1, EMUI 12.0.0, EMUI 11.0.1"
CVE-2023-44106,Medium,2023,10,"EMUI 13.0.0, EMUI 12.0.1, EMUI 12.0.0, EMUI 11.0.1"
CVE-2023-44108,Medium,2023,10,"EMUI 13.0.0, EMUI 12.0.1, EMUI 12.0.0"
CVE-2023-44109,Medium,2023,10,"EMUI 13.0.0, EMUI 12.0.1, EMUI 12.0.0"
CVE-2023-44110,Medium,2023,10,"EMUI 13.0.0, EMUI 12.0.1"
CVE-2023-44111,Medium,2023,10,"EMUI 13.0.0, EMUI 12.0.1, EMUI 12.0.0"
CVE-2023-44114,Medium,2023,10,EMUI 13.0.0
CVE-2023-44116,Medium,2023,10,"EMUI 13.0.0, EMUI 12.0.1, EMUI 12.0.0, EMUI 11.0.1"
CVE-2023-44118,Medium,2023,10,"EMUI 13.0.0, EMUI 12.0.0, EMUI 11.0.1"
CVE-2023-44119,Medium,2023,10,"EMUI 13.0.0, EMUI 12.0.1, EMUI 12.0.0, EMUI 11.0.1"
CVE-2022-48613,Medium,2023,11,"EMUI 13.0.0, EMUI 12.0.0"
CVE-2023-44098,Medium,2023,11,"EMUI 13.0.0, EMUI 12.0.1, EMUI 11.0.1"
CVE-2023-44115,Medium,2023,11,"EMUI 13.0.0, EMUI 12.0.1, EMUI 12.0.0"
CVE-2023-46755,Medium,2023,11,"EMUI 13.0.0, EMUI 12.0.1 , EMUI 12.0.0"
CVE-2023-46756,Medium,2023,11,"EMUI 13.0.0, EMUI 12.0.1 , EMUI 12.0.0, EMUI 11.0.1"
CVE-2023-46758,Medium,2023,11,"EMUI 13.0.0, EMUI 12.0.1 , EMUI 12.0.0, EMUI 11.0.1"
CVE-2023-46759,Medium,2023,11,"EMUI 13.0.0, EMUI 12.0.1 , EMUI 12.0.0, EMUI 11.0.1"
CVE-2023-46760,Medium,2023,11,EMUI 13.0.0
CVE-2023-46761,Medium,2023,11,EMUI 13.0.0
CVE-2023-46762,Medium,2023,11,EMUI 13.0.0
CVE-2023-46763,Medium,2023,11,"EMUI 13.0.0, EMUI 12.0.1 , EMUI 12.0.0, EMUI 11.0.1"
CVE-2023-46764,Medium,2023,11,"EMUI 13.0.0, EMUI 12.0.1 , EMUI 12.0.0, EMUI 11.0.1"
CVE-2023-46765,Medium,2023,11,"EMUI 13.0.0, EMUI 12.0.1, EMUI 12.0.0, EMUI 11.0.1"
CVE-2023-46766,Medium,2023,11,EMUI 13.0.0
CVE-2023-46767,Medium,2023,11,EMUI 13.0.0
CVE-2023-46768,High,2023,11,EMUI 13.0.0
CVE-2023-46769,High,2023,11,EMUI 13.0.0
CVE-2023-46770,High,2023,11,"EMUI 13.0.0, EMUI 12.0.0"
CVE-2023-46771,Medium,2023,11,"EMUI 13.0.0, EMUI 12.0.0"
CVE-2023-46772,Medium,2023,11,EMUI 11.0.1
CVE-2023-46774,Medium,2023,11,"EMUI 13.0.0, EMUI 12.0.1, EMUI 12.0.0, EMUI 11.0.1"
CVE-2023-5801,Critical,2023,11,"EMUI 13.0.0, EMUI 12.0.0"
CVE-2023-44099,Medium,2023,12,EMUI 12.0.0
CVE-2023-44113,Medium,2023,12,EMUI 13.0.0
CVE-2023-46773,High,2023,12,EMUI 13.0.0
CVE-2023-49239,Medium,2023,12,"EMUI 13.0.0, EMUI 12.0.0, EMUI 11.0.1"
CVE-2023-49240,Medium,2023,12,"EMUI 13.0.0, EMUI 12.0.0, EMUI 11.0.1"
CVE-2023-49241,Medium,2023,12,"EMUI 13.0.0, EMUI 12.0.0, EMUI 11.0.1"
CVE-2023-49242,Medium,2023,12,"EMUI 13.0.0, EMUI 12.0.0, EMUI 11.0.1"
CVE-2023-49243,Medium,2023,12,"EMUI 13.0.0, EMUI 12.0.0, EMUI 11.0.1"
CVE-2023-49244,Medium,2023,12,EMUI 13.0.0
CVE-2023-49245,Medium,2023,12,"EMUI 13.0.0, EMUI 12.0.0, EMUI 11.0.1"
CVE-2023-49246,Medium,2023,12,"EMUI 13.0.0, EMUI 12.0.0, EMUI 11.0.1"
CVE-2023-49247,High,2023,12,"EMUI 13.0.0, EMUI 12.0.0"
CVE-2023-49248,High,2023,12,"EMUI 13.0.0, EMUI 12.0.0, EMUI 11.0.1"
CVE-2023-6273,Medium,2023,12,"EMUI 13.0.0, EMUI 12.0.0, EMUI 11.0.1"
CVE-2023-44112,Medium,2024,1,"EMUI 13.0.0, EMUI 12.0.0, EMUI 11.0.1"
CVE-2023-44117,High,2024,1,EMUI 13.0.0
CVE-2023-4566,High,2024,1,EMUI 13.0.0
CVE-2023-52098,Medium,2024,1,"EMUI 13.0.0, EMUI 12.0.0, EMUI 11.0.1"
CVE-2023-52099,Medium,2024,1,"EMUI 13.0.0, EMUI 12.0.0, EMUI 11.0.1"
CVE-2023-52101,Medium,2024,1,"EMUI 13.0.0, EMUI 12.0.0, EMUI 11.0.1"
CVE-2023-52102,Medium,2024,1,"EMUI 13.0.0, EMUI 12.0.0, EMUI 11.0.1"
CVE-2023-52103,Medium,2024,1,EMUI 13.0.0
CVE-2023-52104,Medium,2024,1,EMUI 13.0.0
CVE-2023-52107,Medium,2024,1,"EMUI 13.0.0, EMUI 12.0.0, EMUI 11.0.1"
CVE-2023-52108,Medium,2024,1,"EMUI 13.0.0, EMUI 12.0.0, EMUI 11.0.1"
CVE-2023-52109,High,2024,1,EMUI 13.0.0
CVE-2023-52111,High,2024,1,EMUI 13.0.0
CVE-2023-52112,High,2024,1,"EMUI 13.0.0, EMUI 12.0.0, EMUI 11.0.1"
CVE-2023-52113,High,2024,1,"EMUI 13.0.0, EMUI 12.0.0, EMUI 11.0.1"
CVE-2023-52114,Medium,2024,1,"EMUI 13.0.0, EMUI 12.0.0, EMUI 11.0.1"
CVE-2023-52116,Medium,2024,1,"EMUI 13.0.0, EMUI 12.0.0, EMUI 11.0.1"
CVE-2022-48621,Medium,2024,2,"EMUI 13.0.0,  EMUI 12.0.0"
CVE-2023-52097,High,2024,2,"EMUI 13.0.0,  EMUI 12.0.0"
CVE-2023-52357,High,2024,2,"EMUI 13.0.0,  EMUI 12.0.0"
CVE-2023-52358,High,2024,2,"EMUI 13.0.0,  EMUI 12.0.0"
CVE-2023-52360,High,2024,2,EMUI 12.0.0
CVE-2023-52362,Medium,2024,2,EMUI 13.0.0
CVE-2023-52363,Medium,2024,2,"EMUI 13.0.0,  EMUI 12.0.0"
CVE-2023-52365,Medium,2024,2,"EMUI 13.0.0,  EMUI 12.0.0"
CVE-2023-52366,Medium,2024,2,"EMUI 13.0.0,  EMUI 12.0.0"
CVE-2023-52367,Medium,2024,2,"EMUI 13.0.0,  EMUI 12.0.0"
CVE-2023-52368,Medium,2024,2,"EMUI 13.0.0,  EMUI 12.0.0"
CVE-2023-52369,Medium,2024,2,"EMUI 13.0.0,  EMUI 12.0.0"
CVE-2023-52370,Medium,2024,2,"EMUI 13.0.0,  EMUI 12.0.0"
CVE-2023-52371,Medium,2024,2,"EMUI 13.0.0,  EMUI 12.0.0"
CVE-2023-52372,Medium,2024,2,"EMUI 13.0.0,  EMUI 12.0.0"
CVE-2023-52373,Medium,2024,2,"EMUI 13.0.0,  EMUI 12.0.0"
CVE-2023-52374,Medium,2024,2,EMUI 13.0.0
CVE-2023-52375,Medium,2024,2,"EMUI 13.0.0,  EMUI 12.0.0"
CVE-2023-52376,Medium,2024,2,"EMUI 13.0.0,  EMUI 12.0.0"
CVE-2023-52377,Medium,2024,2,"EMUI 13.0.0,  EMUI 12.0.0"
CVE-2023-52378,Medium,2024,2,EMUI 13.0.0
CVE-2023-52379,Medium,2024,2,"EMUI 13.0.0,  EMUI 12.0.0"
CVE-2023-52380,Medium,2024,2,"EMUI 13.0.0,  EMUI 12.0.0"
CVE-2023-52381,Medium,2024,2,"EMUI 13.0.0,  EMUI 12.0.0"
CVE-2023-52387,Critical,2024,2,EMUI 13.0.0
CVE-2023-52359,High,2024,3,"EMUI 13.0.0, EMUI 12.0.0"
CVE-2023-52364,Medium,2024,3,EMUI 13.0.0
CVE-2023-52365,Medium,2024,3,"EMUI 13.0.0, EMUI 12.0.0"
CVE-2023-52366,Medium,2024,3,"EMUI 13.0.0, EMUI 12.0.0"
CVE-2023-52385,Medium,2024,3,EMUI 13.0.0
CVE-2023-52386,Medium,2024,3,EMUI 13.0.0
CVE-2023-52388,Medium,2024,3,"EMUI 13.0.0, EMUI 12.0.0"
CVE-2023-52537,Medium,2024,3,"EMUI 13.0.0, EMUI 12.0.0"
CVE-2023-52538,Medium,2024,3,"EMUI 13.0.0, EMUI 12.0.0"
CVE-2023-52539,High,2024,3,"EMUI 13.0.0, EMUI 12.0.0"
CVE-2023-52540,Medium,2024,3,"EMUI 13.0.0, EMUI 12.0.0"
CVE-2023-52541,Medium,2024,3,"EMUI 13.0.0, EMUI 12.0.0"
CVE-2023-52542,Medium,2024,3,"EMUI 13.0.0, EMUI 12.0.0"
CVE-2023-52543,Medium,2024,3,"EMUI 13.0.0, EMUI 12.0.0"
CVE-2023-52544,Medium,2024,3,"EMUI 13.0.0, EMUI 12.0.0"
CVE-2023-52545,Medium,2024,3,EMUI 13.0.0
CVE-2023-52546,Medium,2024,3,EMUI 13.0.0
CVE-2023-52549,Medium,2024,3,"EMUI 13.0.0, EMUI 12.0.0"
CVE-2023-52550,Medium,2024,3,"EMUI 13.0.0, EMUI 12.0.0"
CVE-2023-52551,Medium,2024,3,"EMUI 13.0.0, EMUI 12.0.0"
CVE-2023-52552,Medium,2024,3,EMUI 13.0.0
CVE-2023-52553,Medium,2024,3,"EMUI 13.0.0, EMUI 12.0.0"
CVE-2023-52554,Medium,2024,3,"EMUI 13.0.0, EMUI 12.0.0"
CVE-2024-27896,Medium,2024,3,EMUI 13.0.0
CVE-2024-27897,Medium,2024,3,"EMUI 13.0.0, EMUI 12.0.0"
CVE-2023-52713,Medium,2024,4,"EMUI 13.0.0, EMUI 12.0.0"
CVE-2023-52714,Medium,2024,4,"EMUI 13.0.0, EMUI 12.0.0"
CVE-2023-52716,Medium,2024,4,"EMUI 13.0.0, EMUI 12.0.0"
CVE-2023-52717,Medium,2024,4,"EMUI 13.0.0, EMUI 12.0.0"
CVE-2024-30413,Medium,2024,4,EMUI 13.0.0
CVE-2024-30414,High,2024,4,EMUI 13.0.0
CVE-2024-30415,Medium,2024,4,"EMUI 13.0.0, EMUI 12.0.0"
CVE-2024-30416,Medium,2024,4,"EMUI 13.0.0, EMUI 12.0.0"
CVE-2024-30417,Medium,2024,4,"EMUI 13.0.0, EMUI 12.0.0"
CVE-2024-30418,Medium,2024,4,"EMUI 13.0.0, EMUI 12.0.0"
CVE-2023-52383,Medium,2024,5,"HarmonyOS4.0.0, HarmonyOS3.1.0, HarmonyOS3.0.0, EMUI 14.0.0, EMUI 13.0.0"
CVE-2023-52384,Medium,2024,5,"HarmonyOS4.0.0, HarmonyOS3.1.0, HarmonyOS3.0.0, EMUI 14.0.0, EMUI 13.0.0"
CVE-2023-52719,High,2024,5,"HarmonyOS4.0.0, HarmonyOS3.0.0, HarmonyOS2.1.0, HarmonyOS2.0.0, EMUI 14.0.0, EMUI 13.0.0, EMUI 12.0.0"
CVE-2023-52720,Medium,2024,5,"HarmonyOS4.0.0, HarmonyOS3.0.0, EMUI 14.0.0, EMUI 13.0.0"
CVE-2024-32989,Medium,2024,5,"HarmonyOS4.0.0, HarmonyOS3.1.0, EMUI 14.0.0, EMUI 13.0.0"
CVE-2024-32990,High,2024,5,"HarmonyOS4.0.0, HarmonyOS3.1.0, HarmonyOS3.0.0, HarmonyOS2.1.0, HarmonyOS2.0.0, EMUI 14.0.0, EMUI 13.0.0, EMUI 12.0.0"
CVE-2024-32991,High,2024,5,"HarmonyOS4.2.0, HarmonyOS4.0.0, HarmonyOS3.1.0, HarmonyOS3.0.0, HarmonyOS2.1.0, HarmonyOS2.0.0, EMUI 14.0.0, EMUI 13.0.0, EMUI 12.0.0"
CVE-2024-32992,High,2024,5,"HarmonyOS4.2.0, HarmonyOS4.0.0, HarmonyOS3.0.0, HarmonyOS2.1.0, HarmonyOS2.0.0, EMUI 14.0.0, EMUI 13.0.0, EMUI 12.0.0"
CVE-2024-32993,Medium,2024,5,"HarmonyOS4.2.0, HarmonyOS4.0.0, HarmonyOS3.1.0, HarmonyOS3.0.0, HarmonyOS2.1.0, HarmonyOS2.0.0, EMUI 14.0.0, EMUI 13.0.0, EMUI 12.0.0"
CVE-2024-32995,Medium,2024,5,"HarmonyOS4.2.0, HarmonyOS4.0.0, HarmonyOS3.1.0, HarmonyOS3.0.0, HarmonyOS2.1.0, HarmonyOS2.0.0, EMUI 14.0.0, EMUI 13.0.0, EMUI 12.0.0"
CVE-2024-32996,Medium,2024,5,"HarmonyOS4.2.0, HarmonyOS4.0.0, HarmonyOS3.1.0, HarmonyOS3.0.0, HarmonyOS2.1.0, HarmonyOS2.0.0, EMUI 14.0.0, EMUI 13.0.0, EMUI 12.0.0"
CVE-2024-32997,High,2024,5,"HarmonyOS4.2.0, HarmonyOS4.0.0, HarmonyOS3.0.0, HarmonyOS2.1.0, HarmonyOS2.0.0, EMUI 14.0.0, EMUI 13.0.0, EMUI 12.0.0"
CVE-2024-32998,Medium,2024,5,"HarmonyOS4.2.0, HarmonyOS4.0.0, HarmonyOS3.0.0, HarmonyOS2.1.0, HarmonyOS2.0.0, EMUI 14.0.0, EMUI 13.0.0, EMUI 12.0.0"
CVE-2024-32999,Medium,2024,5,"HarmonyOS4.2.0, HarmonyOS4.0.0, HarmonyOS3.0.0, HarmonyOS2.1.0, HarmonyOS2.0.0, EMUI 14.0.0, EMUI 13.0.0, EMUI 12.0.0"
CVE-2024-4046,Medium,2024,5,"HarmonyOS4.2.0, HarmonyOS4.0.0, HarmonyOS3.1.0, EMUI 14.0.0, EMUI 13.0.0"
